ImageNumber,ObjectNumber,Distance_Centroid_Cells,Distance_Centroid_Nuclei,Parent_Cells,Parent_Nuclei
1,1,189.69832307351308,nan,1,0
1,2,129.32141113064685,82.01177221866227,1,1
1,3,167.4013052437073,95.90820567722713,2,2
1,4,159.2870111092444,nan,1,0
1,5,157.53776351198678,nan,1,0
1,6,184.06675028446233,nan,1,0
1,7,158.80775960355126,nan,1,0
1,8,163.07498296399316,93.60209094092244,2,2
1,9,170.87380543776766,nan,1,0
1,10,168.52775569381734,84.52461203859805,2,2
1,11,153.86612866389405,nan,1,0
1,12,153.7370429709608,72.85022003058924,2,2
1,13,122.47581545608743,77.95720811831269,1,1
1,14,129.05096619443725,87.3484185727751,1,1
1,15,117.49539032618848,71.76330175418792,1,1
1,16,149.61990017522163,nan,2,0
1,17,149.98772671724294,nan,1,0
1,18,211.3559402228329,nan,1,0
1,19,98.36287126193226,50.73014961071506,1,1
1,20,142.51670676062648,nan,1,0
1,21,135.12205914225933,103.36115968661535,1,1
1,22,129.08526680197775,69.45007267362632,2,2
1,23,132.40934728731898,105.29201007798606,1,1
1,24,133.99930661375885,107.19180607102878,1,1
1,25,117.13333687300401,58.43806258989261,2,2
1,26,111.43639599388477,90.47341162703445,1,1
1,27,116.89941998086691,63.49466200402954,2,2
1,28,111.5112484440519,92.30108310380875,1,1
1,29,113.44186784361636,29.55068522666452,2,2
1,30,109.64087022844195,25.530774858601134,2,2
1,31,126.9963326078813,nan,3,0
1,32,111.4220605188648,29.015255020599973,2,2
1,33,125.061937664348,nan,3,0
1,34,97.21280863451582,47.457067126685175,2,2
1,35,107.73974921593943,26.933921354941997,2,2
1,36,118.18891486316568,nan,3,0
1,37,125.84635031120534,nan,3,0
1,38,112.88429768574026,nan,3,0
1,39,119.77487080893259,nan,3,0
1,40,103.57723586026972,30.538992904598654,2,2
1,41,95.66662030733131,16.865909199758686,2,2
1,42,113.80332784512963,nan,1,0
1,43,96.1901036561355,21.5448464240071,2,2
1,44,110.39495542756596,nan,3,0
1,45,92.49053209089189,20.343374722502734,2,2
1,46,100.68293597521104,36.25785114843298,2,2
1,47,110.74474086556603,nan,3,0
1,48,104.73606843593453,nan,3,0
1,49,157.05315964319402,nan,1,0
1,50,97.35367738996788,77.64697852654344,3,3
1,51,134.1920940187898,nan,1,0
1,52,103.23778157082901,88.99876923930925,3,3
1,53,106.94705926653498,94.2820229866251,3,3
1,54,98.86127662450328,83.64400546847394,3,3
1,55,100.7376817048604,nan,3,0
1,56,76.50254396488052,71.44505577185953,1,1
1,57,95.28917417607525,80.65839714428068,3,3
1,58,92.29090912329956,76.48520797705686,3,3
1,59,83.97338535804799,63.63339845801238,3,3
1,60,41.18576954231229,43.3242232983976,1,1
1,61,83.4344574282272,66.22438652305108,3,3
1,62,119.08631831560625,nan,1,0
1,63,94.12771809631887,81.66839466474661,3,3
1,64,80.18746554043625,62.011286637018806,3,3
1,65,78.29324296467199,60.572571464396134,3,3
1,66,88.02558724370755,76.90983089898022,3,3
1,67,75.89498651283122,58.86947674070134,3,3
1,68,73.31391804630923,53.649908129953346,3,3
1,69,84.87426151108181,64.01502677627215,3,3
1,70,71.19854586017237,50.48998063197444,3,3
1,71,71.65878674234989,53.76486203965364,3,3
1,72,71.675827846918,54.77437351921814,3,3
1,73,72.56505962297106,51.17429982239948,3,3
1,74,88.46515712056498,79.54357875153222,3,3
1,75,84.11793337292082,74.13322019659454,3,3
1,76,68.44143289041968,49.6844256628013,3,3
1,77,112.42970916626257,nan,1,0
1,78,67.13033205120769,47.62824917323412,3,3
1,79,67.17790778634692,48.17717374968589,2,2
1,80,68.55510062739435,53.534382004721884,3,3
1,81,71.28416689647848,50.090159035136075,3,3
1,82,84.47881193625201,75.44332432596988,3,3
1,83,90.57723900898493,83.40438302805072,3,3
1,84,78.07850209515172,67.84819500668273,3,3
1,85,68.20002974559044,46.90362480806864,3,3
1,86,101.35921180820877,nan,4,0
1,87,75.52772894692393,64.85595405762497,3,3
1,88,61.76802456366742,41.569817695590565,3,3
1,89,62.66700481128735,41.49302210033022,3,3
1,90,86.52668808272907,79.51529279677563,3,3
1,91,67.3160040789575,54.35969291853858,3,3
1,92,66.26629872850252,52.62723850719947,3,3
1,93,76.23616476193105,56.60809359218908,3,3
1,94,74.91352276980173,65.25164619318333,3,3
1,95,59.34481369247785,41.04073504048223,3,3
1,96,63.26936611372322,41.873254140142514,3,3
1,97,62.586858342596834,48.46828422891525,3,3
1,98,83.44004418181551,76.74572710161186,3,3
1,99,79.52603886027843,71.8911890053776,3,3
1,100,58.497763289149766,37.400169994422214,3,3
1,101,62.42419174613643,41.102502986215924,3,3
1,102,62.967047988030025,50.00346262453689,3,3
1,103,58.95753280370061,43.49689953989853,3,3
1,104,58.33970509750676,37.034724578748076,3,3
1,105,70.82901485425624,51.02960516000924,3,3
1,106,87.57317885284495,70.41862975478409,3,3
1,107,73.63283553934775,66.01954559990611,3,3
1,108,54.20728174174271,34.82771326821526,3,3
1,109,55.443120236221525,34.18974544887192,3,3
1,110,57.231991462620414,43.04645851798016,3,3
1,111,56.79326711456152,35.43257429807819,3,3
1,112,68.55751795384562,49.119879629082895,3,3
1,113,70.97068664783589,51.831950076187894,3,3
1,114,59.762901293481356,47.4295530400047,3,3
1,115,52.85435166046876,34.82917574010058,3,3
1,116,61.70159473716551,41.47056369620356,3,3
1,117,77.6567876437758,71.68151554972528,3,3
1,118,55.62757934473951,34.281158417331234,3,3
1,119,66.49991902625611,58.975724794504615,3,3
1,120,49.762168873152916,29.588066264801505,3,3
1,121,51.7206596090677,30.40434531725871,3,3
1,122,69.21709938774077,50.78566614231343,3,3
1,123,47.512916531288305,nan,4,0
1,124,56.11183382816229,44.68762060014034,3,3
1,125,49.58896171995373,30.431984790741943,3,3
1,126,56.42380386774726,35.39787304834524,3,3
1,127,65.47379160668606,46.549574880687594,3,3
1,128,72.66413881091701,67.2609833865885,3,3
1,129,51.911708797328465,30.548028641461716,3,3
1,130,79.94062069823596,63.708987754316716,3,3
1,131,109.17884523465456,nan,1,0
1,132,67.83703553818084,61.73549150815415,3,3
1,133,58.13673662653397,48.515085068822174,3,3
1,134,47.398871776318074,30.067627145485066,3,3
1,135,70.39204063656794,53.05853337503756,3,3
1,136,74.45101389193525,57.554406078577145,3,3
1,137,84.9195147063656,69.16077708566127,3,3
1,138,75.34099253157895,70.91774979430951,3,3
1,139,56.584893381476384,90.13649876311196,4,4
1,140,59.03130885497276,51.25401754660899,3,3
1,141,52.34765056669306,41.247603623106926,3,3
1,142,48.16996832756129,34.24623489479189,3,3
1,143,46.7852517987357,31.59031305413392,3,3
1,144,45.33552924527777,25.778788940852582,3,3
1,145,45.58728442787621,24.683678207876763,3,3
1,146,50.23772810461707,29.282636835593372,3,3
1,147,58.14128433814658,39.010130925937034,3,3
1,148,61.07328510376498,42.299697439925495,3,3
1,149,78.73312365411552,75.88142036413122,3,3
1,150,52.80190826447342,32.654638648683814,3,3
1,151,93.22044621575235,79.13048242993162,3,3
1,152,47.39354635628812,35.06702087931767,3,3
1,153,60.56917168536725,42.29523787954785,3,3
1,154,69.73271170193657,53.30942260452366,3,3
1,155,75.90715967359714,60.294543135712374,3,3
1,156,84.37397542617882,69.66989291167907,3,3
1,157,52.25127242868741,87.09252631147821,4,4
1,158,83.06164471698452,81.33695835195161,3,3
1,159,48.409522331491466,37.46552507124106,3,3
1,160,44.11476704517623,29.41480593536708,3,3
1,161,43.99447070203449,28.146813815339733,3,3
1,162,45.230397939731525,23.940488328754714,3,3
1,163,64.23585446809673,46.74383224884679,3,3
1,164,68.2025258453263,65.13352312563246,3,3
1,165,51.93489159667522,43.52058457103932,3,3
1,166,41.09418168805073,21.877635512431706,3,3
1,167,46.429864393445406,25.69895996376979,3,3
1,168,61.02323425744067,43.5105837344341,3,3
1,169,40.88512458181599,20.68692869456718,3,3
1,170,75.9865874833397,96.43650950117869,4,4
1,171,74.07526777638905,94.95022244325568,4,4
1,172,64.03095693053915,95.81777929611033,1,1
1,173,79.72698123864768,78.44170744261481,3,3
1,174,75.60392369865995,73.7014219574062,3,3
1,175,40.874516895243026,25.141941114931853,3,3
1,176,83.76370924794543,69.9444442539288,3,3
1,177,39.18997363668328,21.8713973055318,3,3
1,178,39.89156642080937,18.66004427257754,3,3
1,179,40.70233148917966,19.321147138278732,3,3
1,180,53.38903437738301,35.1818502740876,3,3
1,181,55.10253460333503,37.42750376315435,3,3
1,182,45.6824811214812,26.278509969957152,3,3
1,183,49.448746815493436,31.071552639249965,3,3
1,184,75.43765095611057,93.84156609358119,4,4
1,185,40.958265347554416,79.44062153601783,4,4
1,186,75.6087469783589,74.8099494133333,3,3
1,187,62.698203089203254,60.186442789113315,3,3
1,188,46.95613659742654,28.062098848063695,3,3
1,189,50.659225977172724,33.22630608342591,3,3
1,190,79.72923485560064,66.38319157496915,3,3
1,191,65.20500293732225,63.48097367564742,3,3
1,192,37.44983052001053,23.83875837563547,3,3
1,193,34.7952757431928,15.847722469394329,3,3
1,194,36.52243893183687,15.230139006444356,3,3
1,195,54.74327876057443,37.945477891405964,3,3
1,196,47.0553175068503,79.2882334808687,4,4
1,197,68.9983889239025,67.99686133118142,3,3
1,198,41.812803389127794,33.687502968852606,3,3
1,199,40.97265804958967,31.53279944399315,3,3
1,200,47.08413026887324,29.56848409835097,3,3
1,201,58.148250509647184,42.72809599083085,3,3
1,202,82.90468756637874,70.25794289476869,3,3
1,203,49.77964725527859,45.62052843615201,3,3
1,204,34.185519644784435,19.229003612647812,3,3
1,205,33.47870926940717,13.041997691205466,3,3
1,206,41.22834577298799,21.61100669863824,3,3
1,207,84.97329428349555,72.78210689948003,3,3
1,208,87.2888612025167,75.02166459513015,3,3
1,209,74.88815820874555,91.35735830473743,4,4
1,210,55.90971186729163,81.22553634424285,4,4
1,211,50.936674012082925,78.60976776954743,4,4
1,212,73.8874564516058,60.839452467256876,3,3
1,213,41.5161696755961,75.21781078304548,4,4
1,214,37.35647191425797,74.0745875504037,4,4
1,215,34.29968705057232,13.09490238242131,3,3
1,216,68.98245145013412,55.811778601135146,3,3
1,217,53.83988786407735,52.066326872742536,3,3
1,218,41.19638614713428,23.42448806089702,3,3
1,219,78.08579756527912,66.05329506885732,3,3
1,220,65.61244193469263,83.59200405981724,4,4
1,221,59.38660701616271,80.49226652753903,4,4
1,222,31.33546433999975,18.973827949478636,3,3
1,223,29.34974199115739,8.268655975727084,3,3
1,224,39.030992628128566,21.075951503445893,3,3
1,225,57.14982076274994,43.18160277370668,3,3
1,226,48.65034195165549,75.64693524517153,4,4
1,227,28.081894351621816,72.17239774424391,4,4
1,228,34.40453788975882,27.209580881364047,3,3
1,229,55.5845864730444,77.20328330421776,4,4
1,230,53.191377139914465,76.37942206068078,4,4
1,231,29.56968771832694,19.503710114105246,3,3
1,232,28.462072586820927,7.25318877361707,3,3
1,233,39.51583109254364,36.51939984779465,3,3
1,234,31.3800854454155,24.783265908801084,3,3
1,235,26.4290511127368,7.229863668545118,3,3
1,236,30.00836302247398,9.229994026347415,3,3
1,237,40.73565719703341,25.108993087084468,3,3
1,238,79.20113405118269,68.3660453315154,3,3
1,239,96.43250998670234,nan,1,0
1,240,25.472999662192134,10.195399366662201,3,3
1,241,43.87876027348822,29.575710129505573,3,3
1,242,54.411408925960814,41.45910498818452,3,3
1,243,75.64705291639385,64.75779400206248,3,3
1,244,44.42758587963218,44.44655387317021,3,3
1,245,29.25211528788932,10.221155353704324,3,3
1,246,31.43498003023689,14.19502281653729,3,3
1,247,35.88409935103666,19.65315899947846,3,3
1,248,40.39873672488871,26.271717335503542,3,3
1,249,69.36020244580429,58.5726361266983,3,3
1,250,72.82537155059585,61.8980553139707,3,3
1,251,65.22652642637203,79.67272544055876,4,4
1,252,69.70979459163816,72.41749474766517,3,3
1,253,27.35373027464791,7.850052997045713,3,3
1,254,53.251974581674475,73.211087173917,4,4
1,255,42.29536143190308,68.58314272944742,4,4
1,256,37.28775822605178,65.9929682620442,4,4
1,257,53.20179289920786,55.1454267102648,3,3
1,258,40.1882102753322,39.67881139525039,3,3
1,259,31.26529287743651,28.98391885009944,3,3
1,260,25.087727679806623,4.20112493419245,3,3
1,261,48.52618356711028,36.351634890681474,3,3
1,262,23.47663878539718,15.28304131187038,3,3
1,263,21.15547712904323,8.033583262101722,3,3
1,264,32.46703941791027,17.73470436984615,3,3
1,265,61.416340873535155,51.02913639123984,3,3
1,266,61.62314885138401,76.35327177352758,4,4
1,267,24.15473370362993,19.520368488099233,3,3
1,268,35.951004988759884,22.591404135277816,3,3
1,269,44.70853951686032,33.20276833367367,3,3
1,270,77.95300959249474,82.32471514584019,3,3
1,271,18.56269845415949,7.763013431628475,3,3
1,272,27.218326767345758,13.253444992714842,3,3
1,273,38.07485260794932,63.65986177620552,4,4
1,274,28.125386689149256,61.0799591758696,4,4
1,275,41.46067106578501,43.7640819280286,3,3
1,276,28.86484645694345,29.043596520916623,3,3
1,277,20.763685862505014,2.6791204433862563,3,3
1,278,29.57031315921341,16.82356917747275,3,3
1,279,68.1499596972446,58.799671267447636,3,3
1,280,82.3245891371907,73.46856513501692,3,3
1,281,55.043119303778894,70.66178450368464,4,4
1,282,68.4955288295718,nan,4,0
1,283,25.28519457754539,24.322199085066696,3,3
1,284,22.253143361016207,21.334273749838307,3,3
1,285,17.268988494169555,9.484555456323866,3,3
1,286,46.149368864173255,36.437901055680975,3,3
1,287,36.197448198494364,25.64716907217763,3,3
1,288,66.61642448654999,58.00508306401598,3,3
1,289,49.25041923710261,65.69372631795481,4,4
1,290,44.212130688009616,63.316747519223696,4,4
1,291,37.83696026586364,61.37846674892726,4,4
1,292,58.72186934339207,63.46205848224367,3,3
1,293,30.40696707387092,19.8905659493079,3,3
1,294,52.48479483333402,67.16693851564311,4,4
1,295,27.44548424532326,58.10694152147754,4,4
1,296,39.5852018064644,43.52865270684742,3,3
1,297,23.90990386763358,27.067591264387254,3,3
1,298,19.042768765970454,20.225023799697844,3,3
1,299,16.150147728426447,7.568027140527483,3,3
1,300,42.57300333611095,34.011556305572576,3,3
1,301,72.9789341259199,78.5736648759996,4,4
1,302,45.37667641268263,62.36495357937391,4,4
1,303,88.47777601073243,85.36038451292086,5,5
1,304,34.62970039987683,39.51606710778845,3,3
1,305,28.118099253331874,32.242415738976035,3,3
1,306,13.633293911826202,10.405013435865103,3,3
1,307,79.00646995166278,71.3640175481684,3,3
1,308,33.89924953949891,58.50430528204743,4,4
1,309,29.81046545621128,55.95359707770499,4,4
1,310,88.60423541541644,86.34562002769907,5,5
1,311,46.23654045062356,52.13462175980273,3,3
1,312,16.246971821233828,18.05174084645015,3,3
1,313,13.299303947250282,8.103194985186038,3,3
1,314,30.26560291291666,22.65286263194529,3,3
1,315,45.62359068467119,37.82039716659879,3,3
1,316,88.20316127234662,nan,4,0
1,317,14.030823319291304,54.15007537615768,4,4
1,318,18.475576659629194,12.041918723612868,3,3
1,319,38.993113360544214,58.21188798164174,4,4
1,320,5.7359469898074185,53.865811558513464,4,4
1,321,54.7689385710201,99.60529122962555,2,2
1,322,37.745741366777686,44.935230278924394,3,3
1,323,34.2271494858834,41.703150699260625,3,3
1,324,13.158265817235323,20.184692264293524,3,3
1,325,43.860344837345345,57.24926087156035,4,4
1,326,33.9374930544091,53.036649794164624,4,4
1,327,81.91284546583744,82.40685595895128,5,5
1,328,52.75515168376685,60.10669033188287,3,3
1,329,10.84528575965602,13.348327067971532,3,3
1,330,34.680140402267554,29.820098615342378,3,3
1,331,37.88899796476864,32.831314705701935,3,3
1,332,62.09678140463823,56.25338904377631,3,3
1,333,23.19872327630579,20.863547596177963,3,3
1,334,80.27560196505189,74.58533832266613,3,3
1,335,28.56685691679809,50.59208572998241,4,4
1,336,24.966408980104,48.59995640360083,4,4
1,337,18.837843807020082,48.261271299688225,4,4
1,338,86.39970981220713,81.05438704375811,5,5
1,339,82.01560337326751,79.81038282374078,5,5
1,340,56.4557945425456,64.70107265102168,3,3
1,341,18.64465064326232,28.61043528349792,3,3
1,342,5.642381926610523,17.49900843778807,3,3
1,343,24.672968892063633,23.185500374590266,3,3
1,344,41.45182732838736,52.796231630656735,4,4
1,345,69.14572288977234,nan,4,0
1,346,74.91613745095535,69.92499523905767,3,3
1,347,10.28281075516627,46.20226026834089,4,4
1,348,15.790560888754031,20.518745856304694,3,3
1,349,21.61555928849397,22.61676195358859,3,3
1,350,63.15613594418837,58.65823644414775,3,3
1,351,5.798739496120767,46.724539620488436,4,4
1,352,50.407145483334084,59.65468245737859,3,3
1,353,4.795720607303101,21.88983630586938,3,3
1,354,12.360895494668739,19.81494721143579,3,3
1,355,45.74513409831778,42.87302720666697,3,3
1,356,54.76650543223652,51.42273170053781,3,3
1,357,77.52402678216241,73.04815237484236,3,3
1,358,40.896319866258956,49.89541898863753,4,4
1,359,30.758454366846507,47.137150177398674,4,4
1,360,24.344585788209688,44.64962332198488,4,4
1,361,12.959184995961838,44.30463187904097,4,4
1,362,0.2026192195715753,48.30465476840678,4,4
1,363,35.763949360199945,nan,2,0
1,364,17.644297580764288,30.69741195924919,3,3
1,365,58.67961952849717,55.355861445660906,3,3
1,366,67.005777544413,62.994324879069374,3,3
1,367,56.662987815087874,58.56082896148687,4,4
1,368,45.000176947706635,50.992092577345005,4,4
1,369,8.219638009047056,43.20855097405097,4,4
1,370,38.56937113646488,nan,2,0
1,371,0.908095373517962,21.65733817384027,3,3
1,372,70.79304460181719,67.17813745095158,3,3
1,373,14.476474506793641,41.15949528578511,4,4
1,374,4.101512111481703,44.070999641125496,4,4
1,375,19.914765686574974,24.892480571747868,3,3
1,376,25.50954334157459,28.823295517101023,3,3
1,377,44.0167450471871,42.82042916538475,3,3
1,378,33.14741198963959,43.74859351509932,4,4
1,379,23.44126072270886,37.54437834018532,3,3
1,380,5.592122600426785,25.33715240882932,3,3
1,381,2.341508425415371,22.368202487282844,3,3
1,382,4.901848153710589,21.426109888610586,3,3
1,383,8.701966201788297,22.41757855437439,3,3
1,384,40.59067291015525,47.180502335336875,4,4
1,385,72.15434687034904,72.36378343939046,5,5
1,386,71.66709274504944,73.27389836082662,5,5
1,387,17.0962602942654,25.580836788922745,3,3
1,388,50.36392446160131,48.967078827280076,3,3
1,389,64.65174010900847,62.29404062343534,3,3
1,390,79.03930688995146,75.84285433819494,3,3
1,391,74.48678291137304,69.53153684079311,4,4
1,392,16.326085434115942,32.899803212477245,3,3
1,393,13.369245410743781,24.056812478038175,3,3
1,394,28.39675012695573,39.2887806581849,4,4
1,395,9.903485043775728,39.78555165032007,4,4
1,396,72.6496432700648,78.72592559412847,5,5
1,397,20.633340085338553,36.399319138565914,3,3
1,398,34.08158071615277,36.66724777847232,3,3
1,399,70.92380655703171,68.6326040635015,3,3
1,400,84.93538798141269,82.0408959647619,3,3
1,401,76.40163518972103,69.54044613654239,4,4
1,402,16.270325244958002,37.043467962710665,4,4
1,403,7.955860370658847,40.22923663104816,4,4
1,404,69.14444571876804,68.97511799748473,5,5
1,405,61.23331756756208,60.15681242700296,3,3
1,406,33.02602498961677,39.54318267803751,4,4
1,407,21.822435546583485,35.23856169795119,4,4
1,408,69.95386899699427,67.3465713690636,5,5
1,409,69.42332102348404,68.04173363629839,5,5
1,410,68.39222314513144,70.31290397566409,5,5
1,411,16.006714564503806,28.538356172327013,3,3
1,412,21.848806612655277,30.828273630514502,3,3
1,413,67.38776765251679,66.03619317578034,3,3
1,414,36.16147557473851,39.693372878415104,4,4
1,415,72.3822570607361,67.07969477534938,5,5
1,416,67.38196833479343,71.36384614299938,5,5
1,417,34.7656002283611,49.76075057026571,3,3
1,418,12.25114160096223,27.618785823516703,3,3
1,419,18.374670152720974,29.672157395391288,3,3
1,420,34.7750310452877,39.31651936284492,3,3
1,421,54.37618578774007,49.52429187812517,4,4
1,422,38.15327527829238,39.79736190947519,4,4
1,423,31.809906411891628,35.105046959064694,4,4
1,424,12.948227145122567,35.603767556806055,4,4
1,425,14.824482811457607,44.436499728951546,4,4
1,426,80.98077574683094,71.65492354082512,5,5
1,427,31.209400462721895,36.93178968382479,3,3
1,428,47.52143221113361,44.599940974900186,4,4
1,429,13.098576601175777,33.847356842005674,3,3
1,430,46.50756608609681,49.07055906745346,3,3
1,431,65.88710637196361,65.7894021798136,3,3
1,432,58.77856657596717,51.83104890876913,4,4
1,433,18.76243456981865,32.998589491070575,4,4
1,434,70.78280564107094,64.64661087389038,5,5
1,435,66.93797526320401,63.509695912510544,5,5
1,436,29.473865358353766,46.14865910686087,3,3
1,437,11.672312738737936,31.048405015614968,3,3
1,438,44.550641854697915,39.09883440036913,4,4
1,439,22.95282554782412,29.899246402620307,4,4
1,440,78.67072039393962,68.84990068595098,5,5
1,441,62.80324990396662,63.388534400536095,5,5
1,442,21.420207819282286,40.628942274062595,3,3
1,443,16.254879397508347,36.28178650820155,3,3
1,444,56.25454149673205,58.183542935676506,3,3
1,445,17.385732996234704,31.6303974773784,4,4
1,446,15.57064828124613,33.14831192327104,4,4
1,447,12.771516920768327,34.159220120287074,3,3
1,448,19.10032820395112,33.59739752155554,3,3
1,449,41.78520108962815,36.47090346339506,4,4
1,450,35.31428658712677,33.119536661157824,4,4
1,451,29.643143074240374,30.772868097551996,4,4
1,452,21.33905825611221,28.883245683547116,4,4
1,453,15.441162052290059,36.69635916131066,4,4
1,454,19.42309851639468,42.49413399138207,4,4
1,455,35.72411806374129,nan,4,0
1,456,80.54464898823319,69.92251372559491,5,5
1,457,61.29360470589572,62.78584394484124,5,5
1,458,16.26717771334829,34.07798925225699,3,3
1,459,22.816355208966957,35.98727719313756,3,3
1,460,61.960927401708965,51.25095740231569,4,4
1,461,18.760240969982032,38.62459682940488,4,4
1,462,82.13539883566183,70.74190910438088,5,5
1,463,65.57099538294378,60.25512237470434,5,5
1,464,85.07365962202152,84.64834979610592,3,3
1,465,59.809841177411656,48.78658003268914,4,4
1,466,55.49592536536464,45.76855040101519,4,4
1,467,52.26187331297373,42.71266945003496,4,4
1,468,37.08603441727844,30.754691667996646,4,4
1,469,29.427432861757406,27.40395752313305,4,4
1,470,15.31129982205339,35.85830132575852,3,3
1,471,55.69499899790527,58.90596459748045,3,3
1,472,41.20503916716139,32.58930755421891,4,4
1,473,20.04308773361677,28.104961464541393,4,4
1,474,74.04144904318593,64.18848742703196,5,5
1,475,58.67658734956087,64.1257314160912,5,5
1,476,28.43070888540993,40.79431082109472,3,3
1,477,67.32142854611466,69.2853721183846,3,3
1,478,48.527367404304876,37.73010659349503,4,4
1,479,28.762024992490527,24.356789343766984,4,4
1,480,81.57580032699873,69.62949259964847,5,5
1,481,61.9420044597623,70.48358606229279,5,5
1,482,33.55460824651562,43.67221047291763,3,3
1,483,59.0621660426885,62.6442040395976,3,3
1,484,72.48859575245649,74.00093449890615,3,3
1,485,76.58219492439025,77.71388976671626,3,3
1,486,57.05761854099359,43.77876981741328,4,4
1,487,25.598971592738362,23.34523790253477,4,4
1,488,74.89389837957046,64.31160034478297,5,5
1,489,63.08335244408974,56.88437763734928,5,5
1,490,43.3185446609231,60.08392456910778,3,3
1,491,29.3710226156714,49.00707733523813,3,3
1,492,20.561140949961388,38.85436284747759,3,3
1,493,31.40826073037445,43.32876480793015,3,3
1,494,35.70182193730581,24.849667990330904,4,4
1,495,21.470799004072365,31.547453884730253,4,4
1,496,68.94078846047212,59.33457035897793,5,5
1,497,55.31814976583731,58.172790704883525,5,5
1,498,54.25743667122539,38.797905875619264,4,4
1,499,23.831633610928975,45.1649188026656,3,3
1,500,24.242102336894654,42.27105671082488,3,3
1,501,41.86030977856609,51.090765692215705,3,3
1,502,52.87434135033649,59.195393958951705,3,3
1,503,58.378435818621675,63.4243257815763,3,3
1,504,46.42363739164103,31.492251984937848,4,4
1,505,42.76051279000063,26.96584171146273,4,4
1,506,27.071310388273933,21.062164647018506,4,4
1,507,25.11504050945024,23.340431773331478,4,4
1,508,55.305677774777756,51.45135668162546,5,5
1,509,57.939500612939995,67.10626022305256,5,5
1,510,59.48378432552667,69.47221274313948,5,5
1,511,33.18276444873248,53.02345686021297,3,3
1,512,27.698923584133265,48.35587520333076,3,3
1,513,53.04730646897439,35.062507048656386,4,4
1,514,30.691063844174874,18.58317711453791,4,4
1,515,26.90109109590996,32.425275809750204,4,4
1,516,79.4796497503564,66.51501382437847,5,5
1,517,58.939808133677694,51.672932147961525,5,5
1,518,51.27188079438054,52.01860712280108,5,5
1,519,52.88657322506593,60.05685478487093,5,5
1,520,31.479243357718143,51.90776440805301,3,3
1,521,50.17993320122959,32.712789493071334,4,4
1,522,27.36418420584137,24.894632642396015,4,4
1,523,26.479612160736437,27.670553065557836,4,4
1,524,91.74676238695197,77.21287761735478,5,5
1,525,67.24558109970029,56.62542050045157,5,5
1,526,28.582364064839865,49.76256956561946,3,3
1,527,24.8658885805299,45.80316590308675,3,3
1,528,36.20078577679621,49.15199791481247,3,3
1,529,51.09128400132953,58.92754150695779,3,3
1,530,58.741172489557435,64.76822391853436,3,3
1,531,60.38879250999662,66.01148400594101,3,3
1,532,34.07697532682129,17.646794042669605,4,4
1,533,29.599040247340863,19.013295714844148,4,4
1,534,50.8818978910531,47.946857188312926,5,5
1,535,50.19812496562498,49.81353345330701,5,5
1,536,52.02759696188487,60.61291355696174,5,5
1,537,75.11336658865068,78.65937531258945,3,3
1,538,55.29307147050821,34.149663059549184,4,4
1,539,40.64710241181527,21.33065433555677,4,4
1,540,48.52276846751347,52.82603502292828,5,5
1,541,32.42464792178505,53.30507565963184,3,3
1,542,51.54038649295081,29.49964964942901,4,4
1,543,47.434403299341085,25.9494054748929,4,4
1,544,98.76344146317304,83.40607746205096,5,5
1,545,62.728462567605014,52.231704080684,5,5
1,546,36.41246894556293,56.8834460526911,3,3
1,547,31.620644108978034,49.103565966028654,3,3
1,548,36.69776912277164,50.9415574417056,3,3
1,549,44.85326420962724,55.69682191815979,3,3
1,550,77.69842454656397,81.54380463293354,3,3
1,551,40.3016833968295,16.50617042117617,4,4
1,552,32.9265140213443,30.801242841063186,4,4
1,553,66.5950430157115,54.71135637658988,5,5
1,554,54.555676884660905,46.5266333359397,5,5
1,555,49.216877482061996,45.082349676934406,5,5
1,556,55.14399131147421,66.55049723049672,5,5
1,557,65.13133681931534,nan,3,0
1,558,35.374479467036004,56.34094994275334,3,3
1,559,28.260176791361932,49.532863851724464,3,3
1,560,37.71366778066192,12.978431524825165,4,4
1,561,46.29125530948015,44.04537650307245,5,5
1,562,64.09907401012138,77.48195363005802,5,5
1,563,32.60410259858123,53.8724191983251,3,3
1,564,29.474370282961335,50.47857093162338,3,3
1,565,45.11504413068591,20.073550910842805,4,4
1,566,40.43867505560995,13.226874623938668,4,4
1,567,36.24213373844951,12.4999266409049,4,4
1,568,32.01490830089452,26.891369959669195,4,4
1,569,36.00316050615468,34.73234128616532,4,4
1,570,65.76571948962349,53.13782436741342,5,5
1,571,44.72067836844462,50.922229809666135,5,5
1,572,46.80068451811307,66.09940259561928,3,3
1,573,49.83264666011107,60.76563590442206,3,3
1,574,49.14954883803345,22.50819817741978,4,4
1,575,33.376135513912594,14.890110310488724,4,4
1,576,76.47511465939793,62.24493861797167,5,5
1,577,57.6928476577536,47.48980213570912,5,5
1,578,50.085810356544044,43.880050143983745,5,5
1,579,44.60287514380258,51.39883767049654,5,5
1,580,74.44962195007083,79.86329352360373,3,3
1,581,86.4012797081399,nan,4,0
1,582,46.89698300855346,17.766211952235118,4,4
1,583,44.63363264990056,15.496555497478244,4,4
1,584,38.78980700174259,9.853576803525437,4,4
1,585,35.13035505111855,16.133399262303687,4,4
1,586,35.90506979340675,21.6782301921445,4,4
1,587,50.37970373873215,42.80595819379358,5,5
1,588,43.638116177065946,42.463950803248444,5,5
1,589,42.589100294587986,43.45543787280801,5,5
1,590,37.701307688767294,11.33361724610485,4,4
1,591,59.81446820116675,48.014826660458546,5,5
1,592,53.32031710738874,43.65966763724909,5,5
1,593,45.41719758361812,39.98250494966636,5,5
1,594,40.49218859417336,43.17195795182541,5,5
1,595,39.20530814389512,60.22528106374777,3,3
1,596,33.14436963598533,54.20757496810239,3,3
1,597,62.601216784330425,34.83574129582772,4,4
1,598,85.21942982874107,69.7979985662162,5,5
1,599,67.52871080300251,53.91589268663239,5,5
1,600,42.66368116615659,39.97300024697038,5,5
1,601,34.90898869802495,56.16722101851507,3,3
1,602,45.383717099566915,59.22300574868871,3,3
1,603,60.187094817710694,69.54235231918587,3,3
1,604,73.02962615576071,79.69208628172635,3,3
1,605,41.395886826398,23.17060267840799,4,4
1,606,43.29963838040113,53.210871361803086,5,5
1,607,44.542848066076246,55.156333502483605,5,5
1,608,51.44800331291626,64.32041512392345,5,5
1,609,36.21490824647974,57.217141799766196,3,3
1,610,48.870358688365314,61.8981005597412,3,3
1,611,55.732880561993845,66.62333874806085,3,3
1,612,47.236670727059064,11.921120742616091,4,4
1,613,44.137236762826916,6.711912826455495,4,4
1,614,53.91569740907262,42.64951422083505,5,5
1,615,46.86054476126486,38.67544671254658,5,5
1,616,38.153916511046006,37.561000781235805,5,5
1,617,48.24160477613413,60.42124584787999,5,5
1,618,63.80800229086631,33.17318620892678,4,4
1,619,60.56981539331821,29.101370351214168,4,4
1,620,54.22445999486181,20.347360320079535,4,4
1,621,51.607968691728615,16.64405595043896,4,4
1,622,42.0624475819139,6.115830012160975,4,4
1,623,109.36179315810628,92.76254667617407,5,5
1,624,59.039801796986495,69.46412758018735,3,3
1,625,71.69103888046943,79.517517568343,3,3
1,626,40.41354345903123,18.187521884962422,4,4
1,627,82.39397219565441,66.69106512759873,5,5
1,628,63.94858961174423,50.03638529080092,5,5
1,629,42.78691947406451,35.72497935101907,5,5
1,630,41.80411931247415,36.8056742907216,5,5
1,631,36.213502600197764,40.039296752723075,5,5
1,632,35.927365584392305,42.026800642106764,5,5
1,633,39.09563413290767,58.538145684567546,3,3
1,634,62.15003451283348,28.864143766807864,4,4
1,635,47.04100427073672,6.701063684281395,4,4
1,636,44.37575769659291,5.785803837417558,4,4
1,637,42.49300001114388,8.781103939294397,4,4
1,638,41.952009788434125,10.493755414060361,4,4
1,639,45.26756135362354,36.159063215018826,5,5
1,640,38.90869806187821,35.426281597940054,5,5
1,641,64.96041492335614,31.572488385253248,4,4
1,642,43.144823289178454,25.62989040122019,4,4
1,643,49.6057068280687,38.21313133141595,5,5
1,644,49.18531725827207,38.582734685342565,5,5
1,645,42.994213116034274,55.37960642092748,5,5
1,646,44.6458292428727,65.92331152651144,3,3
1,647,59.01439210959873,22.313350052738052,4,4
1,648,56.67917172807563,19.414890633059926,4,4
1,649,51.59224119293066,11.64925951124678,4,4
1,650,99.0833914627094,82.42743538292476,5,5
1,651,80.15537760824333,64.12290742723167,5,5
1,652,71.96271623431417,56.45518192202888,5,5
1,653,31.562324296733514,36.8948182086895,5,5
1,654,51.54256305177199,66.23193162656706,5,5
1,655,45.87093631000769,67.26407299343651,3,3
1,656,42.58845896120779,63.54157410018759,3,3
1,657,66.72383577565526,31.43505120446734,4,4
1,658,56.64654014530665,15.396991482435132,4,4
1,659,48.08177736884771,0.06850262511019177,4,4
1,660,48.18091241351561,2.7138244091534185,4,4
1,661,45.8975358214223,10.309180773558408,4,4
1,662,44.28605298567497,33.91209238377649,5,5
1,663,45.803100387387374,59.50678441301866,5,5
1,664,46.74923952283455,60.96844355694343,5,5
1,665,51.26474572170616,67.08828965834513,3,3
1,666,67.10044442223722,77.98772594594955,3,3
1,667,48.82484581907421,32.20000595808939,4,4
1,668,58.70480450223526,43.98998199215547,5,5
1,669,38.748747548932194,51.331836868006604,5,5
1,670,54.34194383645614,68.93339176195768,3,3
1,671,74.11830953751986,83.72695284867706,3,3
1,672,48.703701044976036,5.9267373803343535,4,4
1,673,48.391531726905185,22.493678966832654,4,4
1,674,63.39719214679378,23.721912789812553,4,4
1,675,35.03740545591401,27.45709447803139,5,5
1,676,27.747600800440274,35.87701558944401,5,5
1,677,47.703477934310314,68.97829819169282,3,3
1,678,70.1575979675394,80.91104151666494,3,3
1,679,61.98150690872884,20.60028685746772,4,4
1,680,50.7305666165688,8.8670135225451,4,4
1,681,52.41829245240091,30.812679208031856,4,4
1,682,65.80501328566415,49.88090418355503,5,5
1,683,26.310712116712466,33.03403002548025,5,5
1,684,46.82833677037403,67.87933453250733,3,3
1,685,52.83898902226023,7.397195189985819,4,4
1,686,51.50527312920631,24.762592153164324,4,4
1,687,36.57132401570862,27.225737958456694,5,5
1,688,25.679107931044932,28.99428332881161,5,5
1,689,51.61313999413458,13.44866603236876,4,4
1,690,79.69979943442898,63.01635937456466,5,5
1,691,31.513966074543216,24.347752250722397,5,5
1,692,26.846247085981986,27.320797504382167,5,5
1,693,24.32238343126377,30.42227542172087,5,5
1,694,43.403666624008025,58.34042802756835,5,5
1,695,47.65319504753552,63.08551850798056,5,5
1,696,56.10824255130674,72.49233318604722,3,3
1,697,115.77043456412918,nan,3,0
1,698,66.26843765013993,24.600286754940356,4,4
1,699,55.80437783461678,7.960813345420831,4,4
1,700,58.99632310017372,43.119853009437136,5,5
1,701,23.88060586236587,33.52916883233159,5,5
1,702,28.05613914576019,40.51384353054289,5,5
1,703,104.2667730505478,nan,3,0
1,704,55.01565787236762,12.85536475135462,4,4
1,705,57.01305283419206,32.90607674657797,4,4
1,706,24.41676953324787,35.50716781203155,5,5
1,707,68.63559640090666,25.523667037085175,4,4
1,708,23.570198936580958,23.260870765880252,5,5
1,709,36.44734903031774,51.47684227499059,5,5
1,710,66.77281625431985,22.52611480115841,4,4
1,711,57.340654704692916,12.212600972152794,4,4
1,712,65.96617362288352,49.32563256377681,5,5
1,713,20.425740796319804,27.025302301135827,5,5
1,714,45.76568210229524,61.90543084994046,5,5
1,715,57.86635421471227,74.4635784746771,5,5
1,716,58.81769320168502,29.231104650753828,4,4
1,717,30.995787576061215,45.903249780829,5,5
1,718,60.89234867642626,13.493665682759595,4,4
1,719,59.95299346519553,14.10913742279073,4,4
1,720,35.16281813574689,21.331762379629243,5,5
1,721,23.872527398864616,37.89287216865304,5,5
1,722,36.807547489461356,52.72406646897608,5,5
1,723,82.56348551738796,nan,2,0
1,724,116.24884714044147,nan,3,0
1,725,65.42975595463419,17.628146524054024,4,4
1,726,59.6862647277171,26.339869142529814,4,4
1,727,61.930942150414154,37.0560937762529,4,4
1,728,65.92472675153965,46.86323652612498,4,4
1,729,43.46877367541983,27.701250677174514,5,5
1,730,18.104214492107864,28.410380205902953,5,5
1,731,61.59189406584073,19.90913705341829,4,4
1,732,74.23330261947453,56.98351498829045,5,5
1,733,63.94227226756572,46.859386982949104,5,5
1,734,55.305482265675366,38.58925336269461,5,5
1,735,50.37308375290855,67.23433259774689,5,5
1,736,70.98323015570787,24.531822370453124,4,4
1,737,64.91090374968981,16.894795329569767,4,4
1,738,63.421441654244965,17.731156950796112,4,4
1,739,62.41983086292094,18.42881939687322,4,4
1,740,69.35249793583782,52.099830511986326,5,5
1,741,15.741094003494993,28.095140477455256,5,5
1,742,17.377404102240632,29.970382385442917,5,5
1,743,59.89585628000292,77.05161546910124,5,5
1,744,62.75977909020177,27.52152864068514,4,4
1,745,29.525800258476732,15.601552590734189,5,5
1,746,20.552555357533105,35.496320465172516,5,5
1,747,65.2417692960253,18.54171641082043,4,4
1,748,64.38202460449456,32.583115736036156,4,4
1,749,67.41827022560501,43.66936128837867,4,4
1,750,56.78466151923016,39.63572072093569,5,5
1,751,64.08855788512413,81.42011831364407,5,5
1,752,80.10638125979773,nan,3,0
1,753,65.60430426105782,20.96392138807259,4,4
1,754,70.3012345529278,48.214454775165,4,4
1,755,73.70842495607614,26.41377143734406,4,4
1,756,69.6929477517649,21.623020131974425,4,4
1,757,67.7540152296988,21.186721749514152,4,4
1,758,66.07766266858432,30.11482644081879,4,4
1,759,60.10212583062651,42.722945808885605,5,5
1,760,40.51797139210564,23.891654486491287,5,5
1,761,69.11649465859242,21.61659035010543,4,4
1,762,72.57106077887207,49.627453827581604,4,4
1,763,52.49189504633258,35.25926105892889,5,5
1,764,13.735440992401761,28.734383966298175,5,5
1,765,39.26140874546695,56.42120259167467,5,5
1,766,67.42622391328246,25.244694536723024,4,4
1,767,32.54414719424291,49.69943428810294,5,5
1,768,73.81024706447677,25.679740675425514,4,4
1,769,72.2785685583118,24.548323484257764,4,4
1,770,70.84646634951385,43.01121646193811,4,4
1,771,72.58261575326426,47.363085282276,4,4
1,772,70.31865778718159,52.767683283086576,5,5
1,773,20.777168713879085,7.5193605243567125,5,5
1,774,13.267199068001645,29.32686441206498,5,5
1,775,71.01968229482243,37.5548401285392,4,4
1,776,50.963455294656804,33.43536707749059,5,5
1,777,78.31822105809432,57.14363516268779,4,4
1,778,78.17812393670107,30.064260365468005,4,4
1,779,72.68669933594951,29.52538183958713,4,4
1,780,74.78867843889503,36.850692825683744,4,4
1,781,34.63231347649705,52.24976688298319,5,5
1,782,81.28556414229763,33.15625441875056,4,4
1,783,83.76493589489033,66.1088325797759,5,5
1,784,77.29515699842617,59.63649003743909,5,5
1,785,65.13366918526144,47.475858829347544,5,5
1,786,51.82352612280404,34.172236150937884,5,5
1,787,5.542194872213851,12.378136404720099,5,5
1,788,76.78072497040029,30.716761448622634,4,4
1,789,76.60218771466445,33.05768935136246,4,4
1,790,35.262402035644456,17.608608534555174,5,5
1,791,8.662180807464882,9.003189130260793,5,5
1,792,62.91015716040526,45.27007193306327,5,5
1,793,58.46715682040898,40.817344030296084,5,5
1,794,37.79856334591555,55.4574162449552,5,5
1,795,79.34455108002118,33.90260828846088,4,4
1,796,78.56781978064564,36.00427898237274,4,4
1,797,54.976793090328734,37.34916551163734,5,5
1,798,27.8964854934058,10.396608941753659,5,5
1,799,6.916869441923424,11.057331188755958,5,5
1,800,80.81876903580853,34.05859428981311,4,4
1,801,80.0193395384845,45.46263715483694,4,4
1,802,85.67518451360414,68.0504010255506,5,5
1,803,79.4875081562633,61.86228285548228,5,5
1,804,69.43406277647827,51.82657511748978,5,5
1,805,86.14982348470627,38.03196496258786,4,4
1,806,84.27697696965903,36.155630913111374,4,4
1,807,84.31731238408977,56.55040153596511,4,4
1,808,73.61774297457359,56.031317955541915,5,5
1,809,3.1274799852037796,17.586091561994028,5,5
1,810,63.064564314715916,45.48898842183112,5,5
1,811,45.505526022830274,28.085003037181195,5,5
1,812,84.96529659187438,37.141536700669576,4,4
1,813,67.07915517183481,49.542482277015225,5,5
1,814,59.74892842269441,42.20802418963412,5,5
1,815,17.034683234167257,5.34638050342178,5,5
1,816,82.6678642008687,40.18730539137631,4,4
1,817,82.19065257483138,41.86656782228857,4,4
1,818,70.13791237243515,52.627417936064376,5,5
1,819,63.20160111900706,45.71375224921293,5,5
1,820,11.680080985706384,11.411540057644375,5,5
1,821,84.56613354426267,49.422972270658796,4,4
1,822,85.33809501710485,39.49808592533963,4,4
1,823,60.614020639577724,43.28983552470695,5,5
1,824,50.571260558666424,33.42244524739805,5,5
1,825,93.43540076565822,45.406748130949524,4,4
1,826,86.1372605072385,44.127469589815234,4,4
1,827,86.01471916332184,47.08169381747636,4,4
1,828,56.46992766788583,39.2908895746106,5,5
1,829,90.12544431278727,42.25119866827225,4,4
1,830,45.231083279708834,28.457632211453344,5,5
1,831,38.63450120319674,22.315707084814758,5,5
1,832,88.57258214521283,45.39255837582111,4,4
1,833,95.98241754733736,47.88197036590324,4,4
1,834,88.67369398324111,47.70372847300473,4,4
1,835,89.90461447066909,53.09912653217162,4,4
1,836,75.22597128288767,57.96183280629712,5,5
1,837,65.09594463753099,47.95670464698836,5,5
1,838,49.08370526447365,32.54172176583054,5,5
1,839,59.93653701991346,43.03980859731022,5,5
1,840,90.90018462326414,51.12561445049344,4,4
1,841,91.36553787506432,52.875110364199514,4,4
1,842,91.16707462536398,53.748326199199965,4,4
1,843,120.84750080911668,nan,5,0
1,844,56.72396246175869,40.11473758588156,5,5
1,845,39.94529121550866,24.536372526279344,5,5
1,846,17.550591377169273,16.601138844069673,5,5
1,847,61.89195110148977,nan,5,0
1,848,94.33778797060846,62.68895196204909,4,4
1,849,17.41246546994995,29.53380416554119,5,5
1,850,22.978669864292478,38.180413498278895,5,5
1,851,39.571095235503286,56.32327430659157,5,5
1,852,92.67399529588133,49.90108681203716,4,4
1,853,93.38743007811306,55.77081359695616,4,4
1,854,47.76807358305259,32.0054368349555,5,5
1,855,41.70759707343272,27.090907352650166,5,5
1,856,34.18008011330656,21.078950487702052,5,5
1,857,25.27474060442756,18.045908304182262,5,5
1,858,45.54466447154548,62.390972102357885,5,5
1,859,54.45787839459749,38.38229965010124,5,5
1,860,95.9841896165397,52.49662608423559,4,4
1,861,49.506470772583114,34.25763461912295,5,5
1,862,32.30796146378761,21.935724173274583,5,5
1,863,22.86635351287867,20.78554703158151,5,5
1,864,49.056128884285314,65.79624730210182,5,5
1,865,98.71318035806281,51.213036280801646,4,4
1,866,99.22487054381222,65.40713330543932,4,4
1,867,65.7414768307042,49.503088346218675,5,5
1,868,41.67291286118507,28.085732858911353,5,5
1,869,98.70020639169236,52.91906723687302,4,4
1,870,99.38547674908361,63.724000652231645,4,4
1,871,28.976446825967873,22.08750066863659,5,5
1,872,26.429485199426196,23.379151808529187,5,5
1,873,22.72514812422255,25.59496501869375,5,5
1,874,47.41777983295536,63.77344827775961,5,5
1,875,128.23184074603296,nan,4,0
1,876,100.25668997614282,59.376401602906476,4,4
1,877,99.84666455386534,60.4930569222416,4,4
1,878,64.34291498141509,48.515285424204436,5,5
1,879,101.32568215965502,56.76590140975798,4,4
1,880,62.7067288881644,47.09611167290142,5,5
1,881,50.596720886137845,36.282328773478795,5,5
1,882,36.13078748091674,50.78914352398113,5,5
1,883,101.91764258456703,57.79278165588707,4,4
1,884,31.954031644841585,25.28939868642706,5,5
1,885,49.925354914585,66.03008765891235,5,5
1,886,40.27253786936173,29.46181107744266,5,5
1,887,104.30276815052697,63.067064770611076,4,4
1,888,104.62190341579061,65.30960362677533,4,4
1,889,44.51210448929654,32.60552748964968,5,5
1,890,40.32309089192248,55.141681015400856,5,5
1,891,105.87824968385719,59.04476139667826,4,4
1,892,30.3341072600448,29.58110200824937,5,5
1,893,105.85820355724589,61.36351578533606,4,4
1,894,105.55026213547985,61.87091088339712,4,4
1,895,40.1092565300311,54.20591327690873,5,5
1,896,50.44657731653955,65.76834257528692,5,5
1,897,107.04774667171583,61.31234823334446,4,4
1,898,107.80548706964633,69.32771998559436,4,4
1,899,75.13781389646786,59.683504873497824,5,5
1,900,42.90313779655341,33.32443095022196,5,5
1,901,34.292248750084,31.246267353965134,5,5
1,902,110.36064015652234,63.10780224270447,4,4
1,903,51.21860270409626,39.01475158115169,5,5
1,904,31.946529158992938,38.54021721759135,5,5
1,905,108.41856253770479,67.30595497803658,4,4
1,906,113.56461426022817,79.90275325102148,4,4
1,907,54.975435355797124,42.282688110156656,5,5
1,908,32.481399765269124,34.77017667371074,5,5
1,909,34.12501088543943,42.43960394447704,5,5
1,910,111.16561720394797,65.62089168694106,4,4
1,911,109.12265685908736,65.53305430440724,4,4
1,912,64.79287467301941,50.65845286202718,5,5
1,913,42.04409174543022,34.89404434975038,5,5
1,914,33.72367423687601,38.00329076668363,5,5
1,915,111.80441747770352,72.96355062225385,4,4
1,916,73.22482180221189,58.30218764137858,5,5
1,917,50.05288731126786,39.363379096287524,5,5
1,918,36.229296543175444,34.96462514503499,5,5
1,919,41.56451191467213,54.29519859218565,5,5
1,920,95.57107945611433,nan,5,0
1,921,112.8578103867666,66.22250528074716,4,4
1,922,65.10357906417681,51.461119605798956,5,5
1,923,61.90669109863514,48.63472782320453,5,5
1,924,55.98260753611845,44.263210580809165,5,5
1,925,112.41325203434043,66.28598020322828,4,4
1,926,113.36954440185379,69.38392421112022,4,4
1,927,114.71384683084904,77.04372454461216,4,4
1,928,36.370481190379245,37.71867573028287,5,5
1,929,36.40169840959064,42.440289210685776,5,5
1,930,115.79763407756492,77.82758182660386,4,4
1,931,72.42554739460871,58.32002575540427,5,5
1,932,55.01711158231527,44.248011654575194,5,5
1,933,45.22442803464291,39.32504256398726,5,5
1,934,40.014038678977336,39.42610974781971,5,5
1,935,117.28220077409496,71.45181409684855,4,4
1,936,116.39900702733536,74.01588124146087,4,4
1,937,76.93160012490209,62.85271708556823,5,5
1,938,47.72035328624363,41.36816032300287,5,5
1,939,132.73840784646453,nan,5,0
1,940,94.15265201845631,nan,5,0
1,941,73.5298873152047,60.084096556737315,5,5
1,942,71.20074751427228,58.07468370224143,5,5
1,943,40.563350969076716,43.42670184613251,5,5
1,944,119.40654376004875,74.96258899195634,4,4
1,945,80.99531342114972,66.90913201885657,5,5
1,946,55.04756168012868,46.67234581407327,5,5
1,947,44.18892814885327,46.091916222137975,5,5
1,948,122.73014849676237,76.3512269426812,4,4
1,949,60.99158877945495,50.91605622346612,5,5
1,950,45.101650171660275,45.49904695413607,5,5
1,951,123.4504402909906,77.62282730549013,4,4
1,952,67.26648503965562,55.82904624743129,5,5
1,953,64.00467026617719,53.34597474024879,5,5
1,954,46.55667430548422,54.04198149586089,5,5
1,955,123.42743740960861,78.89565437479094,4,4
1,956,123.45935468209152,80.32335569060314,4,4
1,957,70.95340760659943,58.86260647726535,5,5
1,958,52.519999796219274,47.22345534062659,5,5
1,959,123.39448284750483,79.4782640971291,4,4
1,960,56.677113471601494,49.47886730288974,5,5
1,961,48.189828724728926,54.60158238388594,5,5
1,962,125.49356688723772,79.88137662959838,4,4
1,963,125.78229179685212,85.28789172671377,4,4
1,964,127.36012316664534,90.13923637291138,4,4
1,965,79.39808453332334,66.57621224713476,5,5
1,966,71.9113814971239,60.94364699016519,5,5
1,967,64.27604091296416,55.43693897970819,5,5
1,968,80.77441698081226,nan,5,0
1,969,127.60195903916308,81.23376680739734,4,4
1,970,79.13453465686803,67.05088023851559,5,5
1,971,68.15585188705445,58.261502942753324,5,5
1,972,75.84937748123666,nan,5,0
1,973,84.43488699015187,71.88822537252798,5,5
1,974,81.4002712529526,69.21608450303879,5,5
1,975,63.39363991621861,56.15850251877702,5,5
1,976,57.21111006768811,53.126709933897004,5,5
1,977,52.965097274416514,58.62628731162543,5,5
1,978,131.5633679105808,91.6233473105498,4,4
1,979,75.00143003937129,64.58840054036803,5,5
1,980,69.71115735296927,60.3815636509341,5,5
1,981,80.6471399958111,69.11149833940915,5,5
1,982,64.55278676405261,58.42558077407906,5,5
1,983,56.501267406714746,59.11605910398269,5,5
1,984,70.45586783981365,62.4107871061676,5,5
1,985,60.91438836587539,57.30791989652947,5,5
1,986,57.89248471283646,63.46219327305647,5,5
1,987,61.47732996368895,70.56874881685926,5,5
1,988,134.68558400922555,90.6686949219361,4,4
1,989,81.49694540397043,70.75635249852809,5,5
1,990,60.58746583697782,59.30930426595367,5,5
1,991,136.41935468583108,90.87980970440782,4,4
1,992,138.42658858325524,91.65485727153062,4,4
1,993,76.89700550795976,68.11682640643568,5,5
1,994,64.0167950085307,61.212302776401685,5,5
1,995,65.98124512015472,62.138634470982446,5,5
1,996,75.67128388042535,67.81247935338644,5,5
1,997,69.2971943039439,64.92716319247097,5,5
1,998,65.51820840543125,63.885274084822015,5,5
1,999,75.66980166575472,68.56981048128475,5,5
1,1000,64.21692701882785,65.6539670562422,5,5
1,1001,63.858304848523986,66.34400944732506,5,5
1,1002,86.45271475578737,76.41958351797554,5,5
1,1003,65.99630271456489,65.46080110738016,5,5
1,1004,180.51482960178492,nan,4,0
1,1005,160.36703380044423,nan,4,0
1,1006,89.28706301528196,78.69568172221089,5,5
1,1007,66.06369819277498,69.62339511036257,5,5
1,1008,66.82523556906666,71.6181791993837,5,5
1,1009,74.89704041438996,69.38507338140732,5,5
1,1010,69.97064612470025,68.0068585678323,5,5
1,1011,92.25354513967501,81.70024464619436,5,5
1,1012,84.07408222998072,75.362623319771,5,5
1,1013,69.07241007556836,69.13089194658,5,5
1,1014,171.11641974522948,nan,4,0
1,1015,69.16086284369848,71.081538510843,5,5
1,1016,93.94614251318171,83.99088029991981,5,5
1,1017,76.20518083544765,72.4545224036804,5,5
1,1018,89.24537128095758,80.57028769157307,5,5
1,1019,105.49745892552583,nan,5,0
1,1020,75.7940235850489,79.81281036628859,5,5
1,1021,79.16797413639465,77.9540231516658,5,5
1,1022,78.36363532678158,78.07295018929692,5,5
1,1023,77.64123586525784,81.01936028930803,5,5
1,1024,154.96040207527216,nan,4,0
1,1025,78.42758639492621,79.42141677050991,5,5
1,1026,83.90572554401636,80.5351544252978,5,5
1,1027,79.2859799468587,82.41260597804866,5,5
1,1028,79.54901362736267,82.13785895974735,5,5
1,1029,86.78509294382219,82.53411271219841,5,5
1,1030,89.99585133113786,84.80242871914085,5,5
1,1031,82.36461710790275,85.13607717172476,5,5
1,1032,84.39169987731097,85.15364262665294,5,5
1,1033,92.75555515848495,91.65794699321937,5,5
1,1034,91.23143019972503,91.89939554194476,5,5
1,1035,129.985891780133,nan,5,0
1,1036,140.38964910255172,nan,5,0
1,1037,291.45917344659046,nan,7,0
1,1038,121.27585400018702,nan,5,0
1,1039,126.62028454759576,nan,5,0
1,1040,338.09906790978437,nan,7,0
1,1041,343.2853369018353,nan,7,0
1,1042,126.69671266804413,nan,6,0
1,1043,270.835800885318,128.48791110344848,7,7
1,1044,137.5254459570393,nan,5,0
1,1045,245.68598788138627,nan,7,0
1,1046,327.58742030409536,nan,7,0
1,1047,127.0393150887006,nan,6,0
1,1048,265.9263792551999,127.43108554386798,7,7
1,1049,136.06773271557654,nan,5,0
1,1050,264.4441941720933,124.46061297821998,7,7
1,1051,140.1499384811781,nan,5,0
1,1052,344.5251762489771,nan,7,0
1,1053,139.16594922423573,nan,5,0
1,1054,154.92281070382202,nan,5,0
1,1055,236.99300129869587,nan,7,0
1,1056,146.22616685225316,nan,5,0
1,1057,248.79185764913566,nan,7,0
1,1058,255.86038179883724,119.31631994634884,7,7
1,1059,265.8769612213483,119.48914995027133,7,7
1,1060,286.8012071573859,126.03417149589549,7,7
1,1061,148.9669931811027,nan,5,0
1,1062,236.05928841275832,nan,7,0
1,1063,247.47395210387552,nan,7,0
1,1064,255.70149771218576,117.47796804005756,7,7
1,1065,339.06555676097446,nan,7,0
1,1066,353.03257318377166,nan,7,0
1,1067,151.2066547592227,nan,5,0
1,1068,291.02861546353023,126.42204988709742,7,7
1,1069,332.83783611474496,nan,7,0
1,1070,236.0135715416432,nan,7,0
1,1071,150.8188033831789,nan,5,0
1,1072,245.70746296166158,111.17257681806264,7,7
1,1073,303.50924769179744,nan,7,0
1,1074,155.3636579445915,nan,5,0
1,1075,238.8504414093351,109.84536400571656,7,7
1,1076,156.81421975947526,nan,5,0
1,1077,165.36666781357616,nan,5,0
1,1078,158.62946386088706,nan,5,0
1,1079,325.09468571852085,nan,7,0
1,1080,234.51289605250457,104.77267669864506,7,7
1,1081,211.81158336567367,nan,7,0
1,1082,302.40153607876414,nan,7,0
1,1083,220.80408879405385,105.08717542980054,7,7
1,1084,368.45927102563735,nan,7,0
1,1085,127.97905536100025,nan,6,0
1,1086,292.8343090221626,122.35857667678651,7,7
1,1087,210.19797850157602,107.49358648488439,7,7
1,1088,118.05637314549037,nan,6,0
1,1089,196.8741184202363,nan,7,0
1,1090,275.9226533533743,106.71917192768665,7,7
1,1091,358.3299430816181,nan,7,0
1,1092,286.88167132576666,116.32065134752868,7,7
1,1093,266.32893526473083,98.22079101183282,7,7
1,1094,229.9087872751829,81.52695212347746,7,7
1,1095,360.22935431620544,nan,7,0
1,1096,348.3344341785855,nan,7,0
1,1097,366.9174373843763,nan,7,0
1,1098,219.06900127722471,79.17715664625281,7,7
1,1099,335.80452001608455,nan,7,0
1,1100,314.5275138680635,nan,7,0
1,1101,331.1080838507242,nan,7,0
1,1102,386.9273945442096,nan,7,0
1,1103,313.6444175773111,nan,7,0
1,1104,275.94694257029806,104.89060848145009,7,7
1,1105,178.6044658944436,nan,7,0
1,1106,377.75213304463466,nan,7,0
1,1107,117.97783356895455,nan,6,0
1,1108,346.9698365669661,nan,7,0
1,1109,202.2501216566931,nan,5,0
1,1110,202.02799795415913,nan,5,0
1,1111,360.4470179312771,nan,7,0
1,1112,255.7372643539513,85.27946400075625,7,7
1,1113,353.64759702382554,nan,7,0
1,1114,326.9345446143976,nan,7,0
1,1115,185.2620458842454,81.61321793076405,7,7
1,1116,320.6783575163006,nan,7,0
1,1117,134.09801459773362,nan,6,0
1,1118,376.0234574293869,nan,7,0
1,1119,327.90540061831854,nan,7,0
1,1120,164.8133249630472,98.10567779133233,7,7
1,1121,161.74447183615212,98.7579980463328,7,7
1,1122,36.856873558589356,48.84771791593163,6,6
1,1123,37.703311245297684,47.1816859491769,6,6
1,1124,45.148409873829316,nan,6,0
1,1125,322.51467469382294,nan,7,0
1,1126,36.21573558235009,44.556596325669425,6,6
1,1127,32.204907593954196,40.02041310284774,6,6
1,1128,281.51788848037097,115.48873126120861,7,7
1,1129,28.829904710634484,39.24007178249343,6,6
1,1130,170.23718566711952,50.319279038411864,7,7
1,1131,33.18339689669005,37.462825666346745,6,6
1,1132,27.176689709959298,34.90926999381655,6,6
1,1133,61.299706217110185,57.72349548472995,6,6
1,1134,57.986873840852624,54.188786538685065,6,6
1,1135,35.18233254967329,36.66778475509184,6,6
1,1136,41.46535005838978,40.606201246461545,6,6
1,1137,23.63687866425513,30.370383983607358,6,6
1,1138,53.83335430363164,50.30654660826018,6,6
1,1139,83.25471256748726,95.92984921637431,6,6
1,1140,86.29915296477918,98.86255776517339,6,6
1,1141,23.815429168168855,28.657059491576884,6,6
1,1142,26.134143960794436,29.67255547358515,6,6
1,1143,57.25664574478634,52.619007208242145,6,6
1,1144,60.712355297283565,55.54507245445666,6,6
1,1145,133.0385013297621,nan,7,0
1,1146,132.01888564861483,118.6301966755836,7,7
1,1147,70.70166296618592,83.44150322504285,6,6
1,1148,63.436151575527,76.4850702706837,6,6
1,1149,74.59954670052332,87.06624255145502,6,6
1,1150,35.9153158852803,34.22240163138434,6,6
1,1151,46.32995204439322,42.43679889933336,6,6
1,1152,163.8559917144126,38.45441390432357,7,7
1,1153,66.35803764308788,78.95358704025222,6,6
1,1154,172.1629860209145,25.526733330908204,7,7
1,1155,280.74290931998434,118.93145027045055,7,7
1,1156,81.47524719454118,93.6688251745092,6,6
1,1157,30.553429454407375,29.470961343571926,6,6
1,1158,100.44373226206903,92.36102097584444,6,6
1,1159,62.40583557967779,74.84540913622529,6,6
1,1160,52.67830822013832,65.33502221509892,6,6
1,1161,25.012043936273123,38.984039770758145,6,6
1,1162,20.43679089048296,22.131145015934006,6,6
1,1163,84.08212127670213,95.8606730643842,6,6
1,1164,66.85427857133533,79.02555730718814,6,6
1,1165,47.52407298536071,60.32146047043174,6,6
1,1166,38.7750818954668,51.880002520390654,6,6
1,1167,34.04785089884557,47.138317930482124,6,6
1,1168,24.173082719696858,23.30356976013828,6,6
1,1169,103.42112762457879,94.98472593022564,6,6
1,1170,78.45579449306999,90.22405124874138,6,6
1,1171,15.900216475418246,18.70532506407052,6,6
1,1172,38.43893385161757,33.14684315589427,6,6
1,1173,92.56272273164242,84.1913433623456,6,6
1,1174,57.50191521557496,69.59717495213023,6,6
1,1175,35.4922583068234,30.35640688072496,6,6
1,1176,43.47434571785317,37.083181179841645,6,6
1,1177,72.60526922605864,84.23498011322513,6,6
1,1178,52.36809277806823,64.43003801338283,6,6
1,1179,56.75641291410643,49.16430204385666,6,6
1,1180,62.78207726700309,74.54799843557585,6,6
1,1181,48.697199304356836,60.564837828298906,6,6
1,1182,38.03600223518044,50.36120443818606,6,6
1,1183,43.56001093322986,55.6930309459504,6,6
1,1184,107.55511756151509,98.24742760433745,6,6
1,1185,54.945894434061536,66.35006682927123,6,6
1,1186,37.825102641609455,49.65757973629666,6,6
1,1187,29.49843135508265,41.60332779006523,6,6
1,1188,86.64259774105535,77.45280724600863,6,6
1,1189,94.74265860964273,85.49920817393664,6,6
1,1190,71.38982565780049,82.55196845566242,6,6
1,1191,61.45979532876415,72.61930275768252,6,6
1,1192,18.88867024241383,31.388685152003198,6,6
1,1193,77.80827991500317,68.73356403862277,6,6
1,1194,198.45404927536305,29.668613263778013,7,7
1,1195,68.0039611157176,79.02166996924238,6,6
1,1196,45.07959664747198,56.3259384554557,6,6
1,1197,18.000042895783114,12.938333701622945,6,6
1,1198,43.77633526275672,35.44043516698214,6,6
1,1199,81.92935326797401,72.65579522746984,6,6
1,1200,270.69680672218436,113.33915960632656,7,7
1,1201,27.000101135920843,38.644621819164726,6,6
1,1202,7.139974592990425,20.06778362876799,6,6
1,1203,50.968373854725364,41.9383490236995,6,6
1,1204,68.59483133700193,59.15262398499118,6,6
1,1205,78.44281559998251,68.81516355822828,6,6
1,1206,88.41141251401963,78.78222079314469,6,6
1,1207,37.75549990416844,28.482274445080822,6,6
1,1208,84.21733859656078,74.40296793408007,6,6
1,1209,100.02108535173494,90.15392629805831,6,6
1,1210,54.82710935048651,65.3570748013458,6,6
1,1211,47.16136228744188,57.698283678752595,6,6
1,1212,44.35051376738508,34.750055074086795,6,6
1,1213,80.53569260134911,70.51778270741548,6,6
1,1214,94.75128084750627,84.5948507204477,6,6
1,1215,95.26581316993384,85.36761401781257,6,6
1,1216,106.71354933281303,96.58166838404456,6,6
1,1217,57.39352586784195,67.78131348714898,6,6
1,1218,15.281481735264224,25.565926182868424,6,6
1,1219,56.46820250079832,46.46191169069553,6,6
1,1220,69.86203977261486,59.86486079801064,6,6
1,1221,90.0136160479091,79.95905583267934,6,6
1,1222,58.53512247185066,48.069672078164096,6,6
1,1223,63.083936963193416,52.7260292769406,6,6
1,1224,73.02996952413802,62.95776553511254,6,6
1,1225,76.59466528928995,66.3288434191804,6,6
1,1226,81.8514492868035,71.42310660005482,6,6
1,1227,34.54269371038017,44.33555804093179,6,6
1,1228,87.83093359214055,77.29317858456544,6,6
1,1229,71.9347747295229,81.61176048589631,6,6
1,1230,16.03530141364425,24.098992671702636,6,6
1,1231,14.197146355452512,21.330565937403463,6,6
1,1232,31.926390464709417,20.66341622665818,6,6
1,1233,72.43233485552523,61.61854144833422,6,6
1,1234,60.179307560813434,69.6109718860632,6,6
1,1235,37.64067014560048,46.7934035438151,6,6
1,1236,31.798296942479325,40.7578162359125,6,6
1,1237,29.667418195890672,38.23807933462991,6,6
1,1238,22.47087904627461,10.33659460749472,6,6
1,1239,79.3287953628745,68.41661329866395,6,6
1,1240,106.2968719888098,95.70791921605687,6,6
1,1241,75.25694926344791,84.73375178548228,6,6
1,1242,76.69862636285914,65.69662630598947,6,6
1,1243,13.662159623542694,3.4515170493535012,6,6
1,1244,20.174898091615717,5.9956439435035245,6,6
1,1245,67.8660135031418,56.653310830015016,6,6
1,1246,90.75019954834761,79.72253516648854,6,6
1,1247,111.60116125745537,100.8819811142473,6,6
1,1248,110.13929474758837,90.99772630661494,7,7
1,1249,58.07899381759332,67.02318317914136,6,6
1,1250,70.60077198166911,59.06710441557556,6,6
1,1251,100.56194134842895,89.48307638307341,6,6
1,1252,102.52469891894093,91.70042086712297,6,6
1,1253,107.6583045792343,96.69520632552812,6,6
1,1254,39.14887325350605,47.15357253814736,6,6
1,1255,29.30111034267203,36.654176033078755,6,6
1,1256,111.89507167982187,100.8609138879935,6,6
1,1257,61.84648141662959,70.26294505707897,6,6
1,1258,14.470585972780556,13.783392536717857,6,6
1,1259,96.0233284415924,84.95796216377974,6,6
1,1260,75.59507888258611,84.53057781939107,6,6
1,1261,77.10081501907301,65.47549765269463,6,6
1,1262,25.716890027427993,11.414308553430969,6,6
1,1263,144.365551159549,27.93918849149583,7,7
1,1264,80.90293380916079,89.56169013270146,6,6
1,1265,22.34021241554624,24.13737114643705,6,6
1,1266,18.46312368150968,17.233550482400364,6,6
1,1267,96.13174079004781,84.51791380889057,6,6
1,1268,104.52568789575193,93.0347624988794,6,6
1,1269,109.09436205066436,97.64987216895001,6,6
1,1270,65.65939300052585,73.57720895837801,6,6
1,1271,27.46519858525396,12.872449799535925,6,6
1,1272,93.65836295087809,81.8790486938583,6,6
1,1273,166.76735045743854,14.506526517183346,7,7
1,1274,54.339766113082874,61.59635140740202,6,6
1,1275,51.161341091561056,58.136315058675635,6,6
1,1276,21.268097759145938,20.292880351741367,6,6
1,1277,56.35173869065943,43.52761327102777,6,6
1,1278,62.514761108428495,70.06167540532239,6,6
1,1279,40.46369086334245,46.16711900525188,6,6
1,1280,30.83323241832258,34.80646631342989,6,6
1,1281,82.04339417319409,69.96574589004648,6,6
1,1282,101.38209521233851,89.7934049382207,6,6
1,1283,238.50525956306168,88.18016247838182,7,7
1,1284,31.58040539355001,17.091586588911706,6,6
1,1285,98.93240524758633,87.05823324436632,6,6
1,1286,58.607635173796844,65.63860813203013,6,6
1,1287,56.430399393237124,62.88746093797664,6,6
1,1288,31.86169969167584,34.770416768343516,6,6
1,1289,237.57668670875012,88.61632503078161,7,7
1,1290,253.99220775155234,nan,8,0
1,1291,53.81858721645238,59.91454238845044,6,6
1,1292,24.177873360325307,20.15633927624766,6,6
1,1293,30.732062580653995,16.298387341381208,6,6
1,1294,37.33502225252649,22.97815051187347,6,6
1,1295,66.17581951512769,73.13412406625919,6,6
1,1296,34.411968388558456,36.99245069142334,6,6
1,1297,30.304646751746546,31.1397935812961,6,6
1,1298,51.46772243506797,37.81680557181219,6,6
1,1299,103.30987257022628,91.2029199194744,6,6
1,1300,27.546970935481003,14.961537585751369,6,6
1,1301,37.147913567523446,22.570819087480718,6,6
1,1302,112.99160174319518,100.95195366113381,6,6
1,1303,30.725700048322516,17.22223085235907,6,6
1,1304,34.65688737324054,20.227873992268005,6,6
1,1305,37.470332305271356,22.905283488140864,6,6
1,1306,79.76144145383768,67.04022017483635,6,6
1,1307,85.94373684431265,73.2529373262027,6,6
1,1308,248.9580514351529,102.93859957218488,7,7
1,1309,68.08640948325933,74.3654760698813,6,6
1,1310,44.939670040346854,48.844000368155676,6,6
1,1311,41.942394082595065,45.568402863327904,6,6
1,1312,27.79938380272763,23.88881223497375,6,6
1,1313,27.561830684208523,17.162714617888568,6,6
1,1314,91.31450660760373,78.7613253269838,6,6
1,1315,34.99858008295457,35.706321852179066,6,6
1,1316,33.23302404581498,32.72849682220122,6,6
1,1317,69.83181693971649,56.43782923837979,6,6
1,1318,85.25682797225754,nan,7,0
1,1319,29.77396094523903,25.058033873099436,6,6
1,1320,31.4721722175301,20.99769983260594,6,6
1,1321,87.42101000080578,74.47506439757274,6,6
1,1322,60.89723802120635,66.2063062028877,6,6
1,1323,34.51938037941778,20.64557170150313,6,6
1,1324,44.61698977907523,30.04564410002757,6,6
1,1325,91.7978160475854,78.93883596370199,6,6
1,1326,49.52930137008428,52.86324272820687,6,6
1,1327,74.90142543620199,80.80331139018622,6,6
1,1328,56.82631261426903,61.04758183265433,6,6
1,1329,35.047801632602564,22.263028503739953,6,6
1,1330,37.239263091139996,23.631457337354348,6,6
1,1331,37.919523818491314,23.876892094354666,6,6
1,1332,257.7435012595225,nan,8,0
1,1333,73.66775476765157,60.00977959148233,6,6
1,1334,72.43387380713001,77.71878130736123,6,6
1,1335,60.40100597881897,64.78160692668213,6,6
1,1336,46.95142311449686,48.465728846151926,6,6
1,1337,38.474693080709834,25.545550653524582,6,6
1,1338,270.7362269791385,nan,8,0
1,1339,64.07584045312994,68.31519703449153,6,6
1,1340,50.50937934525304,52.42381484430653,6,6
1,1341,48.98525363813366,50.66107868120733,6,6
1,1342,41.92743149997628,41.37851800387779,6,6
1,1343,35.849102680009956,30.367684191519633,6,6
1,1344,38.13211658336003,26.111441381894558,6,6
1,1345,82.48696423725883,68.86962663232626,6,6
1,1346,84.10933805299916,70.54327148022053,6,6
1,1347,60.29892527912016,63.61672657920101,6,6
1,1348,67.28415932379087,71.29227721393652,6,6
1,1349,54.405144840644574,56.194536109927746,6,6
1,1350,42.986893751775824,40.044882119054016,6,6
1,1351,38.72754677502499,30.863683424179314,6,6
1,1352,70.04053865113626,55.88693160308577,6,6
1,1353,74.58363730880778,nan,7,0
1,1354,101.72988168178759,88.42351211243246,6,6
1,1355,243.03473938281323,104.56581503487607,7,7
1,1356,239.31905184255567,nan,8,0
1,1357,63.26206390215922,65.98094825199095,6,6
1,1358,58.23221312651537,60.2213106728,6,6
1,1359,43.251437356042366,30.904553671056277,6,6
1,1360,76.23172735169038,80.35320095827447,6,6
1,1361,72.15114923792216,75.96655537317947,6,6
1,1362,43.56299451914239,39.148882523143335,6,6
1,1363,42.14121502117319,31.31938611940331,6,6
1,1364,258.36095270823955,nan,8,0
1,1365,66.35924090691121,69.15629600852219,6,6
1,1366,63.724148462313245,65.78993557874936,6,6
1,1367,43.902140088093674,38.068727884702646,6,6
1,1368,61.69676411259468,63.14084116414569,6,6
1,1369,45.78924727755142,33.7619141472979,6,6
1,1370,87.5446018955435,73.61220628797956,6,6
1,1371,98.37543086783586,84.7241580748804,6,6
1,1372,71.00674082279583,73.91729703038104,6,6
1,1373,55.51890058034048,54.785427360672784,6,6
1,1374,96.97480946765488,83.18261097105086,6,6
1,1375,69.29581047914711,71.62757950062444,6,6
1,1376,111.83347769000635,nan,6,0
1,1377,258.4313027476009,nan,8,0
1,1378,267.42264112860096,nan,8,0
1,1379,255.35820783549968,nan,8,0
1,1380,220.6300398127144,nan,8,0
1,1381,275.9697123632916,nan,8,0
1,1382,66.37909448368738,66.8294684182442,6,6
1,1383,223.7014349245139,nan,8,0
1,1384,62.59719718529639,nan,7,0
1,1385,220.36375471806844,nan,8,0
1,1386,223.1347498624662,nan,8,0
1,1387,247.44776985878474,nan,8,0
1,1388,242.50732502984027,nan,8,0
1,1389,275.3804250390704,nan,8,0
1,1390,100.5524100089586,nan,6,0
1,1391,217.94537560036213,nan,8,0
1,1392,216.7835727376773,nan,8,0
1,1393,213.1078831653174,nan,8,0
1,1394,94.3340612142863,nan,6,0
1,1395,92.69087153333331,nan,6,0
1,1396,262.7734344152369,nan,8,0
1,1397,232.40226831688773,nan,8,0
1,1398,222.50389993443676,nan,8,0
1,1399,65.78609574773773,nan,6,0
1,1400,208.5918320895811,nan,8,0
1,1401,216.91031965373378,100.61311639226754,7,7
1,1402,226.28206659239933,nan,8,0
1,1403,236.71723157320403,nan,8,0
1,1404,219.47474073097658,nan,8,0
1,1405,283.81519702090463,nan,8,0
1,1406,222.22673972497495,nan,8,0
1,1407,260.78321218336237,nan,8,0
1,1408,152.4400064198482,nan,6,0
1,1409,235.16596371099638,nan,8,0
1,1410,209.76702533318456,nan,8,0
1,1411,224.02417456416967,nan,8,0
1,1412,271.96578666952536,nan,8,0
1,1413,288.7912829064634,nan,8,0
1,1414,58.20650515453139,112.99947332189029,7,7
1,1415,193.50717182124782,nan,8,0
1,1416,193.47078661547906,nan,8,0
1,1417,217.42714268897086,nan,8,0
1,1418,202.88517389070597,133.81328523841867,8,8
1,1419,85.95650027274766,90.83645819896184,7,7
1,1420,77.98476072698077,97.39098347558871,7,7
1,1421,257.9452498369152,nan,8,0
1,1422,209.3092574737723,nan,8,0
1,1423,243.82550415650834,nan,8,0
1,1424,185.01070016113346,129.07875814395706,8,8
1,1425,203.34883966173234,129.21800890004062,8,8
1,1426,228.45938931916336,nan,8,0
1,1427,197.46219915120668,125.51057936625526,8,8
1,1428,233.95989957832217,nan,8,0
1,1429,249.53517728975055,nan,8,0
1,1430,151.79599764957976,nan,6,0
1,1431,213.95907501164407,nan,8,0
1,1432,201.87132048016676,123.69885450572136,8,8
1,1433,217.62890502418415,nan,8,0
1,1434,226.84814870650487,nan,8,0
1,1435,203.08233738516086,123.75312224443668,8,8
1,1436,257.8228983413604,nan,8,0
1,1437,155.17828631194635,96.19532120090241,7,7
1,1438,169.31871798174438,118.06872056723084,8,8
1,1439,225.82170928189004,nan,8,0
1,1440,136.26230802640688,nan,6,0
1,1441,196.79088562024208,nan,7,0
1,1442,218.7207920269132,nan,8,0
1,1443,22.502927526064266,nan,7,0
1,1444,214.81595338385142,132.1812648346745,8,8
1,1445,222.68865453109223,nan,8,0
1,1446,229.8517209149105,nan,8,0
1,1447,243.60553842798586,nan,8,0
1,1448,188.03758338059245,111.36176811774799,8,8
1,1449,253.66587446965315,nan,8,0
1,1450,275.8491246774737,nan,8,0
1,1451,183.11429560568058,111.80325323882118,7,7
1,1452,269.93153863759704,nan,8,0
1,1453,137.9001766413204,nan,6,0
1,1454,198.40264721526103,nan,7,0
1,1455,220.84418452212944,nan,8,0
1,1456,234.96535583170999,nan,8,0
1,1457,237.72267423202848,nan,8,0
1,1458,270.7095103765841,nan,8,0
1,1459,184.30568645914343,107.04679075561786,8,8
1,1460,259.04948064774743,nan,8,0
1,1461,33.73431414744963,nan,7,0
1,1462,181.2664129370713,113.33583325892502,7,7
1,1463,226.00458621444537,nan,8,0
1,1464,230.27217336372834,nan,8,0
1,1465,150.39459099890436,nan,6,0
1,1466,248.8823118311141,nan,8,0
1,1467,115.8035465717347,nan,6,0
1,1468,232.66349041419068,nan,8,0
1,1469,45.48464304065811,142.20247495953657,7,7
1,1470,200.96185218809094,117.52944639202622,8,8
1,1471,195.87377326893213,112.87778557409328,8,8
1,1472,160.10795175722643,nan,6,0
1,1473,145.1776849659416,nan,8,0
1,1474,176.44946727361796,96.89851119331306,8,8
1,1475,243.40856752776452,nan,8,0
1,1476,254.70132002451143,nan,8,0
1,1477,64.31163646719328,135.08696142241337,7,7
1,1478,230.51766517559147,nan,8,0
1,1479,225.28712314139233,nan,8,0
1,1480,56.598677439048345,142.00614459542484,7,7
1,1481,74.27428077263906,132.73864605063818,7,7
1,1482,226.72638417790037,nan,8,0
1,1483,171.49331107340262,nan,6,0
1,1484,209.11012692052623,125.15110921763107,8,8
1,1485,242.03634077831336,nan,8,0
1,1486,271.02798609451816,nan,8,0
1,1487,275.2325904807812,nan,8,0
1,1488,80.57827979473221,nan,7,0
1,1489,149.4971430259305,81.71526660889516,8,8
1,1490,244.59188618615454,nan,8,0
1,1491,168.526765452454,nan,6,0
1,1492,154.46269719683065,125.17888481914157,7,7
1,1493,270.0600956963954,nan,8,0
1,1494,272.10638662691235,nan,8,0
1,1495,136.11573661917953,97.5455395337532,8,8
1,1496,169.53235282393558,nan,6,0
1,1497,250.44425781210805,nan,8,0
1,1498,223.4159946041342,nan,8,0
1,1499,276.73269488263276,nan,8,0
1,1500,93.56989174363487,nan,7,0
1,1501,101.09286448803087,nan,7,0
1,1502,231.8330907505691,nan,8,0
1,1503,252.43147820471546,nan,8,0
1,1504,178.2759028753545,94.79885683632118,8,8
1,1505,241.8347395108481,nan,8,0
1,1506,158.86019009573687,77.98012594649214,8,8
1,1507,256.5709667488562,nan,8,0
1,1508,204.90117258254577,nan,8,0
1,1509,214.05455860250174,nan,8,0
1,1510,216.01668496860202,nan,8,0
1,1511,244.0273347626568,nan,8,0
1,1512,274.053984061132,nan,8,0
1,1513,123.21072481625879,82.6349243827284,8,8
1,1514,264.34264512950375,nan,8,0
1,1515,206.87353462182833,nan,8,0
1,1516,210.5323133292533,nan,8,0
1,1517,159.05215756411735,nan,6,0
1,1518,214.63706069559444,nan,8,0
1,1519,245.09017978832796,nan,8,0
1,1520,261.660397235225,nan,8,0
1,1521,164.56430406220304,80.95455145934078,8,8
1,1522,161.78530686337814,78.30192176457359,8,8
1,1523,161.7662649994938,78.13723312534732,8,8
1,1524,231.2191945545414,nan,8,0
1,1525,235.24996668122347,nan,8,0
1,1526,280.3530517656796,nan,8,0
1,1527,188.63341225888541,105.2738061319997,8,8
1,1528,201.32351534699254,nan,8,0
1,1529,168.962559652952,nan,6,0
1,1530,284.41869669840986,nan,8,0
1,1531,167.48428657685048,83.61664992582493,8,8
1,1532,204.18856067109255,nan,8,0
1,1533,214.88621678243757,nan,8,0
1,1534,230.38566192761223,nan,8,0
1,1535,168.238494105548,84.41453539530171,8,8
1,1536,219.62866261536578,nan,8,0
1,1537,265.912929709154,nan,8,0
1,1538,181.9843673250672,nan,6,0
1,1539,199.4452638129315,nan,8,0
1,1540,204.41308916031937,nan,8,0
1,1541,292.6863298642282,nan,8,0
1,1542,156.98437052371827,73.02521881552791,8,8
1,1543,177.9253023375779,94.75390648215127,8,8
1,1544,286.36719320087786,nan,8,0
1,1545,242.5317521017819,nan,8,0
1,1546,207.58527203166946,nan,8,0
1,1547,180.8768920291289,nan,6,0
1,1548,221.12382422239313,nan,8,0
1,1549,234.98992153985566,nan,8,0
1,1550,227.5627369090343,nan,8,0
1,1551,203.0492268934376,nan,8,0
1,1552,142.1757952592074,58.21788977212483,8,8
1,1553,159.6339524127917,76.39148000081065,8,8
1,1554,219.5270788792283,nan,8,0
1,1555,180.06618875130212,98.5693855345293,8,8
1,1556,186.56326147124852,nan,6,0
1,1557,196.63509447171387,nan,8,0
1,1558,226.50239349196303,nan,8,0
1,1559,218.01328403662262,nan,8,0
1,1560,138.83243240316546,54.95237557593738,8,8
1,1561,192.1799790120296,nan,8,0
1,1562,268.0543713274082,nan,8,0
1,1563,176.33955180538473,nan,6,0
1,1564,171.84171990389737,91.14049782482957,8,8
1,1565,219.61340070514666,nan,8,0
1,1566,298.298151805025,nan,8,0
1,1567,187.25398090943364,nan,8,0
1,1568,226.16787356899974,nan,8,0
1,1569,188.3270775430296,nan,6,0
1,1570,138.911497764543,56.40267581323402,8,8
1,1571,137.75798709392006,55.07948547437579,8,8
1,1572,303.27949204010093,nan,8,0
1,1573,191.0755959173148,nan,6,0
1,1574,186.25035111735005,108.68900527988572,8,8
1,1575,253.20083421996748,nan,8,0
1,1576,127.64704818066467,44.88983119256771,8,8
1,1577,181.8452095027569,104.76490252911812,8,8
1,1578,241.23296069190295,nan,8,0
1,1579,269.0147770453845,nan,8,0
1,1580,263.2390674840215,nan,8,0
1,1581,126.89566231284743,45.12570320494442,8,8
1,1582,279.0759911530573,nan,8,0
1,1583,175.4557664891032,nan,9,0
1,1584,212.97136289828376,nan,8,0
1,1585,215.1487996751692,nan,8,0
1,1586,124.84467992350481,43.69397716540428,8,8
1,1587,160.5009900146241,83.58943721527143,8,8
1,1588,169.00548708594903,92.88142604454245,8,8
1,1589,163.38161393885133,86.71457930757208,8,8
1,1590,183.76628119918433,109.67009824075046,8,8
1,1591,196.44152198307754,nan,8,0
1,1592,199.43234344444997,nan,8,0
1,1593,184.84625377434918,111.75455200903451,8,8
1,1594,215.6343140615633,nan,8,0
1,1595,182.79636633853656,110.04320971550939,8,8
1,1596,214.45349228616672,nan,8,0
1,1597,222.64394744418408,nan,8,0
1,1598,140.56115113984134,65.4959227969608,8,8
1,1599,203.8274624480716,nan,8,0
1,1600,285.47290653262263,nan,8,0
1,1601,128.18559921303478,52.61315494764868,8,8
1,1602,139.8981066428728,65.61313507649417,8,8
1,1603,251.17269443392163,nan,8,0
1,1604,55.77221573817156,68.88802116138405,8,8
1,1605,202.09361649969708,nan,8,0
1,1606,246.48088460215828,nan,8,0
1,1607,156.7913217222279,nan,9,0
1,1608,201.3425172899236,nan,8,0
1,1609,237.1241721386256,nan,8,0
1,1610,213.58762512580722,nan,8,0
1,1611,202.9598537801031,nan,8,0
1,1612,224.68952426615238,nan,8,0
1,1613,250.64497304335023,nan,8,0
1,1614,184.20120573118012,nan,8,0
1,1615,265.982668160769,nan,8,0
1,1616,154.8429134645716,nan,9,0
1,1617,152.38821944215627,nan,9,0
1,1618,192.1496795059493,nan,8,0
1,1619,243.94532943443738,nan,8,0
1,1620,235.38389246803564,nan,8,0
1,1621,170.5955296411757,105.34923513786076,8,8
1,1622,199.45761752757326,nan,8,0
1,1623,203.70716757578265,nan,8,0
1,1624,238.78969793090613,nan,8,0
1,1625,193.0757198103123,nan,8,0
1,1626,195.1427131722631,nan,8,0
1,1627,147.3075890743978,nan,9,0
1,1628,169.07777900982182,105.62036246573653,8,8
1,1629,226.01107412640033,nan,8,0
1,1630,239.6922259046396,nan,8,0
1,1631,213.7985960616481,nan,8,0
1,1632,235.68127886879722,nan,8,0
1,1633,135.47782315773912,nan,9,0
1,1634,164.43280184947798,103.6176768042151,8,8
1,1635,174.37383353880827,nan,8,0
1,1636,200.54950126822808,nan,8,0
1,1637,206.54719002105404,nan,8,0
1,1638,176.2879333517561,nan,8,0
1,1639,215.19865918685468,nan,8,0
1,1640,238.75133403177026,nan,8,0
1,1641,142.89600231221533,nan,9,0
1,1642,179.7546914942236,nan,8,0
1,1643,182.40318430596136,nan,8,0
1,1644,129.94333821471088,nan,9,0
1,1645,178.19441979993152,nan,8,0
1,1646,225.015987316192,nan,8,0
1,1647,181.49698656053772,nan,8,0
1,1648,190.98185559615936,nan,8,0
1,1649,126.98596185051848,nan,9,0
1,1650,140.35811956151602,nan,9,0
1,1651,188.3324130377175,nan,8,0
1,1652,156.2368870202318,104.32835709121544,8,8
1,1653,178.90973436264656,nan,8,0
1,1654,161.81693273366827,110.40940649000086,8,8
1,1655,188.24430924971279,nan,8,0
1,1656,132.09388526675147,nan,9,0
1,1657,192.0694201244917,nan,8,0
1,1658,205.89497818879653,nan,8,0
1,1659,200.63405291585033,nan,8,0
1,1660,204.00683442477686,nan,8,0
1,1661,207.6475659440979,nan,8,0
1,1662,108.27666220619452,nan,9,0
1,1663,212.38897382253018,nan,8,0
1,1664,145.59804888226697,103.8367033689361,8,8
1,1665,157.4768931310927,113.324936190154,8,8
1,1666,104.43864141081696,nan,9,0
1,1667,13.969354026822847,84.8186258731549,8,8
1,1668,107.29503079313263,nan,9,0
1,1669,93.17698562711826,nan,9,0
1,1670,177.77297669625602,nan,8,0
1,1671,110.65849936401555,nan,9,0
1,1672,90.4797280876475,nan,9,0
1,1673,98.38925012058354,nan,9,0
1,1674,100.66785045669168,nan,9,0
1,1675,58.009319480121526,nan,8,0
1,1676,161.38468831222252,nan,8,0
1,1677,157.79227721163204,nan,8,0
1,1678,194.82511060509748,nan,8,0
1,1679,94.22181598201678,nan,9,0
1,1680,59.98224442766517,nan,8,0
1,1681,97.50810355408763,nan,9,0
1,1682,83.26477583284289,nan,9,0
1,1683,79.0680600968841,nan,9,0
1,1684,102.95191267057216,nan,9,0
1,1685,78.78358211205972,nan,9,0
1,1686,91.56183752447734,nan,9,0
1,1687,78.15250783328524,nan,9,0
1,1688,147.1087344120167,116.43166369024745,8,8
1,1689,91.20357211441039,nan,9,0
1,1690,167.82650626885862,nan,8,0
1,1691,101.55409021417059,nan,9,0
1,1692,99.83597332328999,nan,9,0
1,1693,74.51465232069592,nan,9,0
1,1694,102.12088859417817,nan,9,0
1,1695,83.31591874267583,nan,9,0
1,1696,62.56522068011514,nan,8,0
1,1697,153.52847502523167,nan,8,0
1,1698,66.59863440576181,nan,9,0
1,1699,74.39631438981363,nan,9,0
1,1700,89.75952980931996,nan,9,0
1,1701,106.23595823429825,102.80660276746602,8,8
1,1702,81.81902195403188,102.07854184549093,8,8
1,1703,149.5926903936144,nan,8,0
1,1704,122.05235926458198,nan,9,0
1,1705,74.63689882875616,nan,9,0
1,1706,93.2368311233845,nan,9,0
1,1707,63.59017002948321,106.30091197429071,8,8
1,1708,109.39511813662513,nan,9,0
1,1709,124.8090237635389,nan,9,0
1,1710,114.75600801725042,nan,9,0
1,1711,164.34750949881843,nan,9,0
1,1712,99.71866165527283,nan,9,0
1,1713,102.69843104128009,nan,9,0
1,1714,55.07848878121336,nan,8,0
1,1715,113.60733114576944,nan,9,0
1,1716,117.16263419961332,119.12524262908185,8,8
1,1717,139.8697621800784,nan,8,0
1,1718,50.91532260019642,nan,9,0
1,1719,110.90889592900123,nan,9,0
1,1720,112.17242214242133,nan,9,0
1,1721,42.3438862386789,nan,9,0
1,1722,43.4285609273539,nan,9,0
1,1723,132.8562118279588,nan,9,0
1,1724,103.10760142863775,121.58872970342749,8,8
1,1725,66.03783287711929,nan,8,0
1,1726,145.30910234221216,nan,9,0
1,1727,89.37881408557821,nan,9,0
1,1728,92.6613102875167,nan,9,0
1,1729,110.9649732938682,nan,9,0
1,1730,64.54597188366232,81.96862681374091,9,9
1,1731,97.1920835490453,nan,9,0
1,1732,31.043837168583938,87.84021289624246,9,9
1,1733,100.6051937024399,92.50196389674969,9,9
1,1734,159.65532209106485,nan,9,0
1,1735,129.59554357805504,nan,9,0
1,1736,127.2227355098233,nan,8,0
1,1737,83.94624751221185,nan,9,0
1,1738,88.3902257193862,nan,8,0
1,1739,118.66619744575556,nan,9,0
1,1740,114.32768692273302,nan,8,0
1,1741,66.84843993815336,nan,9,0
1,1742,112.81257828042241,nan,9,0
1,1743,42.913662657544215,64.0782734093212,9,9
1,1744,90.72878083719459,nan,9,0
1,1745,153.4067775063761,nan,9,0
1,1746,103.0225543368711,84.88482205107339,9,9
1,1747,44.164831108872356,107.736375424762,9,9
1,1748,133.1606725842841,nan,8,0
1,1749,65.75804843522252,nan,9,0
1,1750,98.1216834022844,nan,8,0
1,1751,144.41084386200345,nan,8,0
1,1752,113.29442751883997,nan,8,0
1,1753,55.175714680850355,114.44060932830187,9,9
1,1754,136.2178878269817,nan,8,0
1,1755,144.69510665608465,nan,9,0
1,1756,166.97597256360925,nan,9,0
1,1757,19.29033224554327,81.23034859941208,9,9
1,1758,74.53532713386687,nan,9,0
1,1759,115.73943040663916,nan,8,0
1,1760,131.79725627572935,nan,9,0
1,1761,140.17773128351257,104.24031974638802,9,9
1,1762,155.40291730424306,nan,9,0
1,1763,113.52036889479075,nan,9,0
1,1764,161.1372518638002,nan,9,0
1,1765,72.19108212844513,nan,9,0
1,1766,112.80704075743049,nan,9,0
1,1767,147.80093614683528,107.98766642641614,9,9
1,1768,50.652972732264615,34.668918187754706,9,9
1,1769,130.02770245681378,nan,9,0
1,1770,90.30509407601332,55.172321103507564,9,9
1,1771,79.71200853627514,nan,9,0
1,1772,116.65651197493051,nan,9,0
1,1773,109.18493174803139,nan,9,0
1,1774,204.48947437571636,nan,9,0
1,1775,105.58761250575976,62.06305480608181,9,9
1,1776,194.39969729542048,nan,9,0
1,1777,44.74228842476344,85.2628974833019,9,9
1,1778,110.3240896184584,nan,9,0
1,1779,125.94030010016266,nan,9,0
1,1780,143.58736135126782,nan,9,0
1,1781,163.03795143307914,nan,9,0
1,1782,201.8984036045454,nan,9,0
1,1783,177.73143318675756,nan,9,0
1,1784,174.20299852863513,nan,9,0
1,1785,165.3422095389652,nan,9,0
1,1786,66.45698260957799,102.50985003723855,9,9
1,1787,131.51984021194332,81.88355713329845,9,9
1,1788,89.35060211718384,nan,9,0
1,1789,175.32447912968018,nan,9,0
1,1790,110.87339330002943,nan,9,0
1,1791,173.38209954794192,nan,9,0
1,1792,190.39360642407752,nan,9,0
1,1793,142.88829032080926,nan,9,0
1,1794,233.4106892355001,nan,9,0
1,1795,208.34376818172777,nan,9,0
1,1796,188.0108260155304,nan,9,0
1,1797,133.60553619471202,nan,9,0
1,1798,182.55965001927868,nan,9,0
1,1799,173.73146749151937,nan,9,0
1,1800,208.25189782837677,nan,9,0
1,1801,107.87265185207389,51.07258507007931,9,9
1,1802,113.34595911452142,nan,9,0
1,1803,75.18316062140588,101.9368647741713,9,9
1,1804,166.09728481604947,nan,8,0
1,1805,194.0685694209785,nan,9,0
1,1806,150.8602204205044,nan,9,0
1,1807,106.62132029022327,nan,9,0
1,1808,164.8152814101628,nan,8,0
1,1809,182.52738621882685,129.15346403093844,9,9
1,1810,141.39491691159697,85.53882754129461,9,9
1,1811,179.47911740903774,nan,9,0
1,1812,189.21463884998283,nan,9,0
1,1813,175.5235652930392,nan,9,0
1,1814,247.0671286048221,nan,9,0
1,1815,188.39573134425441,nan,9,0
1,1816,118.35482955377455,nan,9,0
1,1817,209.14670551034848,nan,9,0
1,1818,199.21590869269392,nan,9,0
1,1819,191.93383113880677,nan,9,0
1,1820,134.89916524719635,nan,9,0
1,1821,145.58558114479692,nan,9,0
1,1822,160.00862759361846,nan,9,0
1,1823,81.47735586043166,23.016303378722526,9,9
1,1824,263.0482490693798,nan,9,0
1,1825,271.37393942925854,nan,9,0
1,1826,121.33736796925447,nan,9,0
1,1827,176.47053306771912,nan,9,0
1,1828,159.48436045516019,nan,9,0
1,1829,162.81816718837217,102.13762951644654,9,9
1,1830,153.19555882619676,nan,9,0
1,1831,95.7002762700564,103.85674116420611,9,9
1,1832,241.2225160371631,nan,9,0
1,1833,206.39686558400697,nan,9,0
1,1834,170.6739857753058,nan,9,0
1,1835,211.7452246769058,nan,9,0
1,1836,239.9464546369448,nan,9,0
1,1837,150.08258597979187,nan,9,0
1,1838,153.51487410472984,nan,9,0
1,1839,261.4972224350829,nan,9,0
1,1840,272.7180444939581,nan,9,0
1,1841,270.6148325174095,nan,9,0
1,1842,161.8402548877377,nan,9,0
1,1843,210.81006411399585,nan,9,0
1,1844,131.89728673142304,nan,9,0
1,1845,263.72647837141307,nan,9,0
1,1846,125.1099974363248,nan,9,0
1,1847,145.49718213082858,nan,9,0
1,1848,161.5849283613554,nan,9,0
1,1849,129.8197929843504,nan,9,0
1,1850,166.97207882507593,nan,9,0
1,1851,189.09439666426758,nan,9,0
1,1852,144.36878944924015,nan,9,0
1,1853,261.55775572041654,nan,9,0
1,1854,262.4280478639938,nan,9,0
1,1855,271.81987297456857,nan,9,0
1,1856,200.99970881789733,138.3084790492488,9,9
1,1857,226.8160389488634,nan,9,0
1,1858,218.14763883979825,nan,9,0
1,1859,222.39483228404504,nan,9,0
1,1860,158.42884443268107,nan,9,0
1,1861,274.5091925249152,nan,9,0
1,1862,215.59996859992552,nan,9,0
1,1863,265.9664344400024,nan,9,0
1,1864,268.0384224607321,nan,9,0
1,1865,181.4525338403461,nan,9,0
1,1866,147.53316817126193,nan,9,0
1,1867,145.37514945054224,nan,9,0
1,1868,290.23194425348197,nan,9,0
1,1869,243.99004449915859,nan,9,0
1,1870,215.5556368260237,nan,9,0
1,1871,192.54833588944436,127.16959929429696,9,9
1,1872,148.1850163045349,nan,9,0
1,1873,165.01377088084615,nan,9,0
1,1874,304.41235908871226,nan,9,0
